entity,year,population,births,deaths,child_deaths_under_5,percentage_health,gdp
Afghanistan,2002,21378123.0,1015202.0,239161.0,123215,9.443391,7228795918
Afghanistan,2003,22733053.0,1069727.0,243573.0,123894,8.941258,7867263256
Afghanistan,2004,23560656.0,1095372.0,244435.0,122315,9.808474,7978515641
Afghanistan,2005,24404575.0,1097038.0,241932.0,118420,9.948289,8874480195
Afghanistan,2006,25424100.0,1120880.0,245586.0,116622,10.622766,9349921885
Afghanistan,2007,25909852.0,1135656.0,245809.0,112800,9.904675,10642671963
Afghanistan,2008,26482631.0,1126525.0,235284.0,106511,10.256495,11060395115
Afghanistan,2009,27466102.0,1158017.0,237450.0,106480,9.818487,13426272073
Afghanistan,2010,28284088.0,1181113.0,237640.0,104547,8.569672,15354612541
Afghanistan,2011,29347708.0,1202456.0,235724.0,101679,8.561908,15420077665
Afghanistan,2012,30560036.0,1243843.0,239042.0,101123,7.8971686,17386490239
Afghanistan,2013,31622709.0,1274030.0,240239.0,99706,8.805964,18360263162
Afghanistan,2014,32792528.0,1300107.0,246289.0,99854,9.528878,18860496494
Afghanistan,2015,33831767.0,1331758.0,254689.0,100282,10.105348,19134221644
Afghanistan,2016,34700613.0,1344010.0,254007.0,97785,11.81859,19566715174
Afghanistan,2017,35688941.0,1362270.0,261084.0,90851,12.620817,20084646751
Afghanistan,2018,36743040.0,1382424.0,267164.0,89077,14.208419,20323499020
Afghanistan,2019,37856125.0,1405919.0,267421.0,88750,14.83132,21118473702
Afghanistan,2020,39068977.0,1429983.0,295555.0,88718,15.533614,20621957125
Afghanistan,2021,40000410.0,1453685.0,320101.0,88173,21.508444,16345202562
Afghanistan,2022,40578847.0,1462654.0,243197.0,83784,23.08817,15325233810
Albania,2000,3166147.0,55449.0,17793.0,1508,5.8742967,6153077235
Albania,2001,3147943.0,52243.0,17710.0,1358,5.8561573,6698469429
Albania,2002,3134095.0,48844.0,17835.0,1207,5.5980268,7008501111
Albania,2003,3118093.0,48693.0,18013.0,1115,5.84189,7382282996
Albania,2004,3098662.0,45549.0,17924.0,980,5.8243394,7771053341
Albania,2005,3076156.0,42642.0,17729.0,859,5.6621623,8169772250
Albania,2006,3050805.0,39589.0,17433.0,742,5.5655375,8661509309
Albania,2007,3022887.0,37603.0,16958.0,653,5.8563986,9224515436
Albania,2008,2992933.0,36542.0,16707.0,582,5.4442167,9861658465
Albania,2009,2961487.0,36502.0,16943.0,531,5.7575192,10127011190
Albania,2010,2928731.0,36236.0,17734.0,483,6.163332,10428102872
Albania,2011,2911499.0,36120.0,18518.0,446,6.110262,10685000942
Albania,2012,2910003.0,37445.0,19584.0,430,6.0850472,10790155229
Albania,2013,2907571.0,38198.0,20412.0,413,6.2089744,10974367815
Albania,2014,2903748.0,37956.0,21010.0,395,6.3588414,11220218560
Albania,2015,2898634.0,36033.0,21000.0,365,6.3881016,11470171826
Albania,2016,2897868.0,34407.0,21126.0,342,6.650188,11918533446
Albania,2017,2898245.0,33086.0,21372.0,323,6.501119,12309839868
Albania,2018,2894229.0,31542.0,21344.0,307,6.5900245,12761785703
Albania,2019,2885011.0,31033.0,21559.0,301,6.7814407,13025007474
Albania,2020,2871950.0,30258.0,26072.0,290,7.4651375,12593390460
Albania,2021,2849641.0,29955.0,29245.0,284,7.357504,13722964212
Albania,2022,2827614.0,29139.0,24626.0,292,7.5364623,14385344334
Algeria,2000,30903894.0,604906.0,157897.0,25280,3.2148545,109811551032
Algeria,2001,31331226.0,607972.0,157331.0,24765,3.5362859,113105897561
Algeria,2002,31750832.0,606306.0,154929.0,23339,3.4416964,119213616030
Algeria,2003,32175813.0,631106.0,156843.0,23305,3.3256936,126962501072
Algeria,2004,32628286.0,663545.0,154796.0,22972,3.2903051,132675813620
Algeria,2005,33109258.0,699801.0,156629.0,23105,3.1188612,139840307556
Algeria,2006,33623505.0,739665.0,158850.0,23346,3.1899989,143895676473
Algeria,2007,34189420.0,782007.0,161813.0,23735,3.6201143,148356442446
Algeria,2008,34816963.0,826387.0,164346.0,24143,3.9833102,152065353506
Algeria,2009,35490442.0,858476.0,167001.0,24301,4.892108,153890137748
Algeria,2010,36188237.0,888644.0,169289.0,24433,4.640014,161276864361
Algeria,2011,36903374.0,913717.0,171899.0,24551,4.825675,166115170291
Algeria,2012,37646165.0,965845.0,175212.0,25245,5.636585,170101934378
Algeria,2013,38414176.0,980492.0,178301.0,25272,5.6454177,174524584673
Algeria,2014,39205035.0,1021803.0,182163.0,25780,6.014841,181680092643
Algeria,2015,40019528.0,1032935.0,185878.0,25777,6.334357,187493855609
Algeria,2016,40850719.0,1039209.0,189812.0,25593,6.0008087,194806115978
Algeria,2017,41689302.0,1042868.0,194263.0,25299,5.948454,197728207716
Algeria,2018,42505033.0,1022803.0,198389.0,24505,5.9323926,200496402625
Algeria,2019,43294551.0,1012181.0,202652.0,23759,5.417321,202300870247
Algeria,2020,44042094.0,987851.0,263726.0,22755,5.6383076,192185826737
Algeria,2021,44761099.0,957511.0,222033.0,21608,5.0218887,199488888151
Algeria,2022,45477391.0,931867.0,209276.0,20523,3.6346428,206670488126
Andorra,2000,65703.0,758.0,405.0,5,5.933423,2240766094
Andorra,2001,65874.0,751.0,412.0,5,5.8640223,2422701909
Andorra,2002,66528.0,713.0,424.0,4,5.9962115,2532846713
Andorra,2003,69507.0,663.0,440.0,4,5.542936,2753057566
Andorra,2004,74342.0,762.0,462.0,5,5.2798915,2977037419
Andorra,2005,77436.0,813.0,469.0,5,5.5829625,3137731826
Andorra,2006,79609.0,835.0,464.0,5,4.950782,3288615581
Andorra,2007,81901.0,822.0,474.0,4,4.9407873,3339693968
Andorra,2008,83513.0,873.0,484.0,5,5.678714,3154034157
Andorra,2009,83907.0,847.0,501.0,4,6.0936303,2986780565
Andorra,2010,80727.0,867.0,502.0,4,7.6883526,2927792904
Andorra,2011,77801.0,814.0,461.0,4,7.6205277,2927556638
Andorra,2012,76858.0,782.0,458.0,4,6.719663,2781926981
Andorra,2013,75220.0,679.0,440.0,3,6.7975836,2683235436
Andorra,2014,73755.0,662.0,423.0,3,6.773131,2750436142
Andorra,2015,72195.0,659.0,406.0,3,6.9136853,2789881258
Andorra,2016,72197.0,609.0,387.0,3,6.9416294,2893376871
Andorra,2017,73780.0,578.0,398.0,3,7.0715823,2903390035
Andorra,2018,75181.0,538.0,409.0,3,7.377811,2949518094
Andorra,2019,76492.0,535.0,419.0,3,7.3223863,3008967037
Andorra,2020,77397.0,529.0,639.0,3,8.78462,2672445970
Andorra,2021,78379.0,535.0,541.0,3,8.646717,2893905656
Andorra,2022,79722.0,546.0,468.0,3,7.521358,3170696512
Angola,2000,16194873.0,758786.0,292798.0,151820,1.6852528,35182758019
Angola,2001,16747204.0,783280.0,294847.0,149715,3.9588265,36662544314
Angola,2002,17327701.0,808608.0,295803.0,151157,2.9398222,41672733511
Angola,2003,17943718.0,835292.0,279186.0,145036,3.1068034,43125991915
Angola,2004,18600426.0,864172.0,278230.0,143134,3.4608405,48050921277
Angola,2005,19291160.0,893986.0,276048.0,140566,2.5472658,54852422288
Angola,2006,20015281.0,923158.0,275345.0,138137,2.3983343,61347946235
Angola,2007,20778570.0,952444.0,269704.0,133633,2.6579084,69324828859
Angola,2008,21578656.0,981972.0,265457.0,129335,2.978076,76802645840
Angola,2009,22414775.0,1012585.0,262303.0,124995,3.306559,78335311067
Angola,2010,23294822.0,1040378.0,258053.0,120632,2.3637385,82482120582
Angola,2011,24218358.0,1068908.0,255396.0,116452,2.355619,85446420442
Angola,2012,25177398.0,1097985.0,252859.0,112262,2.136773,92712034533
Angola,2013,26165616.0,1126819.0,250613.0,108498,2.429772,97239220009
Angola,2014,27160767.0,1154406.0,249319.0,105268,2.1568003,101766409287
Angola,2015,28157802.0,1178313.0,248044.0,102388,2.2996688,102543067840
Angola,2016,29183072.0,1201836.0,247352.0,99655,2.3906872,102304063580
Angola,2017,30234836.0,1227383.0,247681.0,97246,2.4379425,102135580392
Angola,2018,31297160.0,1253674.0,248109.0,95339,2.2988749,101618061915
Angola,2019,32375633.0,1280086.0,249320.0,93652,2.2039428,100545753428
Angola,2020,33451139.0,1308853.0,255168.0,92110,2.816889,95243481886
Angola,2021,34532427.0,1335364.0,263101.0,90760,2.739871,96282191774
Angola,2022,35635028.0,1357751.0,252903.0,89116,2.6004105,99707423108
Antigua and Barbuda,2000,74929.0,1477.0,464.0,21,4.3239274,1195677311
Antigua and Barbuda,2001,76082.0,1367.0,464.0,21,4.958803,1141296594
Antigua and Barbuda,2002,77049.0,1318.0,473.0,19,4.7951226,1153020391
Antigua and Barbuda,2003,77896.0,1281.0,489.0,18,5.040732,1223085251
Antigua and Barbuda,2004,78734.0,1255.0,498.0,18,4.5848846,1293621842
Antigua and Barbuda,2005,79628.0,1243.0,500.0,17,4.462602,1377366902
Antigua and Barbuda,2006,80619.0,1246.0,501.0,17,4.1122055,1552404719
Antigua and Barbuda,2007,81716.0,1274.0,498.0,16,3.9235466,1697014056
Antigua and Barbuda,2008,82926.0,1409.0,495.0,17,3.693961,1696776362
Antigua and Barbuda,2009,84193.0,1395.0,491.0,17,3.6997914,1493793051
Antigua and Barbuda,2010,85337.0,1251.0,487.0,15,4.7577004,1376672104
Antigua and Barbuda,2011,86350.0,1231.0,489.0,15,4.810006,1349706641
Antigua and Barbuda,2012,87275.0,1174.0,490.0,15,4.8175454,1395234173
Antigua and Barbuda,2013,88074.0,1095.0,505.0,14,4.9103117,1386849062
Antigua and Barbuda,2014,88784.0,1093.0,529.0,13,5.322183,1417336052
Antigua and Barbuda,2015,89421.0,1125.0,543.0,12,4.909631,1437485185
Antigua and Barbuda,2016,89980.0,1049.0,551.0,11,4.9397955,1496714858
Antigua and Barbuda,2017,90483.0,1067.0,562.0,11,4.66319,1537316639
Antigua and Barbuda,2018,90942.0,984.0,569.0,10,4.6865654,1640501407
Antigua and Barbuda,2019,91377.0,1051.0,587.0,11,4.2770996,1692541753
Antigua and Barbuda,2020,91864.0,1119.0,608.0,11,5.68408,1373179832
Antigua and Barbuda,2021,92358.0,1121.0,627.0,11,4.813154,1485407940
Antigua and Barbuda,2022,92850.0,1114.0,627.0,11,4.431468,1611634392
Argentina,2000,37213986.0,719276.0,281698.0,15419,8.220011,395646066535
Argentina,2001,37624817.0,712599.0,282041.0,14743,8.269663,378202665751
Argentina,2002,38029345.0,711232.0,286385.0,14168,7.332031,336999433710
Argentina,2003,38424283.0,707388.0,297255.0,13606,6.9267,366780211148
Argentina,2004,38815915.0,710123.0,292159.0,13144,7.0947704,399898899166
Argentina,2005,39216786.0,717902.0,289666.0,12781,7.7339244,435296589745
Argentina,2006,39622113.0,719581.0,294993.0,12421,7.709404,470325565798
Argentina,2007,40016767.0,718989.0,316077.0,12019,7.861966,512690850741
Argentina,2008,40424151.0,746330.0,303862.0,11966,8.240878,533491913656
Argentina,2009,40854832.0,744841.0,305535.0,11631,9.568529,501917060966
Argentina,2010,41288694.0,756144.0,314838.0,11396,9.485244,552738161802
Argentina,2011,41730655.0,758343.0,309603.0,11064,9.510424,585924294024
Argentina,2012,42161718.0,736973.0,325443.0,10553,9.885188,579910247223
Argentina,2013,42582453.0,752967.0,331275.0,10363,9.920915,593858966307
Argentina,2014,43024071.0,775263.0,324792.0,10266,9.79773,578937574935
Argentina,2015,43477011.0,768023.0,323877.0,9888,10.273642,594749285413
Argentina,2016,43900312.0,737028.0,345259.0,9310,10.0535555,582376550428
Argentina,2017,44288898.0,715490.0,340236.0,8818,10.260579,598790850843
Argentina,2018,44654876.0,684660.0,338605.0,8246,10.172893,583118120294
Argentina,2019,44973469.0,625199.0,345233.0,7433,10.119113,571450737224
Argentina,2020,45191960.0,533228.0,381888.0,6322,10.672463,514874343768
Argentina,2021,45312282.0,529339.0,440648.0,5933,11.009102,568636554720
Argentina,2022,45407904.0,496115.0,399469.0,5439,10.159505,602872713790
Armenia,2000,3125630.0,36509.0,25625.0,1148,4.1958117,3959424772
Armenia,2001,3084350.0,36183.0,25533.0,1073,4.645639,4339529550
Armenia,2002,3055636.0,36623.0,25613.0,1014,7.613588,4912347451
Armenia,2003,3038976.0,39015.0,25941.0,1015,7.179362,5600076094
Armenia,2004,3022544.0,40115.0,26319.0,997,6.0551014,6188084084
Armenia,2005,3006360.0,40615.0,26749.0,962,5.8618803,7048227772
Armenia,2006,2990371.0,41224.0,27193.0,930,5.850071,7978593838
Armenia,2007,2974825.0,42358.0,27611.0,908,5.4981403,9071661194
Armenia,2008,2959996.0,43279.0,27974.0,882,6.639766,9697605816
Armenia,2009,2945518.0,44096.0,28251.0,856,8.443777,8330243396
Armenia,2010,2931083.0,44082.0,28433.0,815,9.235383,8513508751
Armenia,2011,2923269.0,44589.0,28552.0,784,9.375889,8913643662
Armenia,2012,2922529.0,45208.0,28642.0,757,9.13455,9555426006
Armenia,2013,2922526.0,45139.0,28674.0,721,10.32345,9870755064
Armenia,2014,2922433.0,44017.0,28676.0,675,10.178279,10226102246
Armenia,2015,2921179.0,41785.0,28646.0,615,10.117627,10553337518
Armenia,2016,2918796.0,40595.0,28585.0,567,9.951949,10574444193
Armenia,2017,2914966.0,37703.0,28497.0,508,10.362703,11367527508
Armenia,2018,2909971.0,36526.0,28431.0,465,10.005434,11958638938
Armenia,2019,2903975.0,35809.0,28432.0,433,11.379801,12867495497
Armenia,2020,2890893.0,34929.0,41088.0,402,12.240562,11941035821
Armenia,2021,2870339.0,35635.0,38072.0,386,12.322685,12633615899
Armenia,2022,2880880.0,34510.0,29563.0,356,9.962112,14225451502
Australia,2000,19132472.0,249532.0,129228.0,1551,7.5886908,874926744105
Australia,2001,19365438.0,246155.0,129266.0,1527,7.6739173,892700520464
Australia,2002,19595356.0,250488.0,133937.0,1517,7.87221,927960453450
Australia,2003,19819449.0,251074.0,132706.0,1485,7.876595,956646310281
Australia,2004,20046679.0,254798.0,133214.0,1461,8.082577,997006658239
Australia,2005,20294490.0,265050.0,132447.0,1582,7.9648633,1028467016034
Australia,2006,20590566.0,271597.0,135419.0,1518,7.971611,1056965077770
Australia,2007,20954545.0,290455.0,140516.0,1460,8.051715,1097018464974
Australia,2008,21370595.0,299959.0,143452.0,1491,8.247375,1136774249983
Australia,2009,21783014.0,299304.0,142352.0,1464,8.54274,1158996461663
Australia,2010,22141583.0,301517.0,143711.0,1451,8.419331,1184610839239
Australia,2011,22479779.0,301733.0,147557.0,1347,8.534253,1212979128949
Australia,2012,22852648.0,308329.0,150207.0,1232,8.670207,1260921781880
Australia,2013,23236271.0,306983.0,149460.0,1333,8.74656,1294392358274
Australia,2014,23595599.0,300278.0,155139.0,1203,9.828339,1328061960035
Australia,2015,23947997.0,305482.0,158346.0,1155,10.13642,1356805839935
Australia,2016,24329963.0,309657.0,159874.0,1151,10.089582,1394194533274
Australia,2017,24731044.0,308126.0,165431.0,1223,10.108806,1426167740135
Australia,2018,25119700.0,313988.0,160788.0,1151,10.089075,1467158231105
Australia,2019,25482714.0,305307.0,166044.0,1159,10.254214,1499347932643
Australia,2020,25743787.0,295156.0,163849.0,1071,10.703241,1497345824797
Australia,2021,25956417.0,304162.0,171436.0,1172,10.516122,1527396783519
Austria,2000,8012929.0,78059.0,77148.0,450,9.389345,309014800203
Austria,2001,8042233.0,75153.0,74939.0,436,9.4524355,313084486481
Austria,2002,8081640.0,77654.0,76441.0,386,9.591399,317731814841
Austria,2003,8122604.0,76261.0,77417.0,429,9.698442,321358930178
Austria,2004,8173496.0,78196.0,74621.0,405,9.815324,329602607297
Austria,2005,8229204.0,77610.0,75442.0,391,9.717797,337250591306
Austria,2006,8269901.0,77359.0,74605.0,349,9.640739,348276446349
Austria,2007,8296948.0,75671.0,74720.0,332,9.604826,361424664731
Austria,2008,8323250.0,77099.0,75482.0,349,9.834152,366677269701
Austria,2009,8345073.0,75974.0,77593.0,354,10.311529,353527252121
Austria,2010,8365087.0,78318.0,77427.0,371,10.3162,359922497999
Austria,2011,8393272.0,77732.0,76722.0,334,10.137018,370459113959
Austria,2012,8431599.0,78433.0,79681.0,300,10.301981,372786509411
Austria,2013,8481411.0,78762.0,79643.0,300,10.405748,371851835129
Austria,2014,8547812.0,81001.0,78406.0,299,10.511591,374662287024
Austria,2015,8644037.0,83579.0,83286.0,305,10.516884,379546097300
Austria,2016,8737920.0,87159.0,80858.0,325,10.517138,387581921834
Austria,2017,8798779.0,87349.0,83385.0,314,10.571328,396388751744
Austria,2018,8841653.0,85407.0,84396.0,273,10.515716,406235924915
Austria,2019,8880876.0,84741.0,83683.0,318,10.625304,413365268699
Austria,2020,8921402.0,83467.0,84153.0,314,11.41293,387247796560
Austria,2021,8967053.0,85345.0,85122.0,285,12.185215,406312360757
Austria,2022,9064678.0,82088.0,96596.0,317,11.225198,427972725600
Azerbaijan,2000,8174784.0,124478.0,60664.0,9439,2.9489172,12110978466
Azerbaijan,2001,8251776.0,117728.0,59763.0,8453,2.774194,13309965318
Azerbaijan,2002,8326141.0,118344.0,58903.0,7773,2.730973,14566281800
Azerbaijan,2003,8400528.0,121350.0,60225.0,7336,2.7269921,16053251457
Azerbaijan,2004,8489874.0,152824.0,61912.0,8025,2.6594424,17538787529
Azerbaijan,2005,8597248.0,157436.0,63516.0,7992,2.22961,22442902288
Azerbaijan,2006,8711380.0,163981.0,62967.0,7862,2.0705914,30178120036
Azerbaijan,2007,8828313.0,163293.0,64461.0,7464,1.9942226,37862439845
Azerbaijan,2008,8942637.0,161318.0,63653.0,6979,2.0481446,41872616483
Azerbaijan,2009,9046336.0,157210.0,63412.0,6423,2.7654135,45795872374
Azerbaijan,2010,9146852.0,168827.0,63866.0,6285,2.6463485,47988959988
Azerbaijan,2011,9256156.0,175634.0,65063.0,6118,2.5954719,47234094919
Azerbaijan,2012,9376179.0,191217.0,65391.0,6140,3.1568215,48274633178
Azerbaijan,2013,9504417.0,191774.0,65420.0,5841,3.2255108,51095520771
Azerbaijan,2014,9631136.0,188927.0,65188.0,5430,3.5870304,52524961505
Azerbaijan,2015,9752859.0,182766.0,65234.0,4939,4.341314,53076235354
Azerbaijan,2016,9868434.0,173748.0,65872.0,4462,4.4224195,51450192645
Azerbaijan,2017,9968510.0,166136.0,67200.0,3996,4.073965,51529227685
Azerbaijan,2018,10039782.0,159805.0,67313.0,3595,3.8366134,52302373078
Azerbaijan,2019,10110483.0,153355.0,67285.0,3190,4.1818876,53599371924
Azerbaijan,2020,10181736.0,142992.0,87997.0,2892,5.848177,51348755387
Azerbaijan,2021,10234372.0,135569.0,87423.0,2618,4.685267,54232727563
Azerbaijan,2022,10295307.0,129419.0,65873.0,2394,3.415496,56789627303
Bahamas,2000,323846.0,5587.0,2100.0,93,3.8048704,10500261525
Bahamas,2001,327847.0,5503.0,2125.0,91,3.924409,10775999425
Bahamas,2002,331625.0,5405.0,2153.0,90,3.8125193,11067485495
Bahamas,2003,335625.0,5378.0,2196.0,90,4.0199857,10927491025
Bahamas,2004,339794.0,5425.0,2259.0,92,4.046282,11023912337
Bahamas,2005,343905.0,5532.0,2312.0,92,4.031965,11398293682
Bahamas,2006,348386.0,5584.0,2378.0,91,4.3093576,11685142254
Bahamas,2007,353343.0,5698.0,2449.0,92,4.495987,11854121086
Bahamas,2008,358133.0,5670.0,2537.0,91,4.8626165,11578673030
Bahamas,2009,362806.0,5775.0,2610.0,90,5.1500144,11095213868
Bahamas,2010,367482.0,5352.0,2697.0,84,5.2559423,11265931761
Bahamas,2011,371738.0,5306.0,2742.0,81,5.3239856,11335011158
Bahamas,2012,375474.0,5285.0,2799.0,79,5.319092,11847358068
Bahamas,2013,378957.0,5268.0,2835.0,77,5.684112,11508144415
Bahamas,2014,382312.0,5162.0,2907.0,74,5.64134,11720696405
Bahamas,2015,385355.0,4858.0,3021.0,76,5.244627,11837600000
Bahamas,2016,388060.0,4650.0,3079.0,66,5.6551533,11700697195
Bahamas,2017,390496.0,4460.0,3170.0,63,6.6036396,12095174365
Bahamas,2018,392718.0,4423.0,3249.0,61,5.8389034,12385211217
Bahamas,2019,394684.0,4418.0,3676.0,109,5.7048416,12281350586
Bahamas,2020,395874.0,4400.0,3777.0,59,7.3983264,9814105056
Bahamas,2021,396381.0,4369.0,4467.0,58,6.785372,11540027214
Bahamas,2022,397542.0,4350.0,3400.0,56,7.042875,12795339943
Bahrain,2000,669589.0,13680.0,1766.0,175,3.2002056,16199663949
Bahrain,2001,699964.0,13356.0,1770.0,164,3.343475,16603189276
Bahrain,2002,752205.0,14402.0,1829.0,166,3.528971,17159155482
Bahrain,2003,811276.0,15976.0,1923.0,176,3.7281091,18239571633
Bahrain,2004,871446.0,17307.0,2018.0,183,3.3549929,19512869154
Bahrain,2005,932618.0,18050.0,2109.0,184,3.1259441,20833694755
Bahrain,2006,994626.0,17981.0,2197.0,180,2.981382,22181009695
Bahrain,2007,1057419.0,17936.0,2276.0,175,3.1607106,24020694053
Bahrain,2008,1120718.0,18140.0,2357.0,171,3.0732121,25520789027
Bahrain,2009,1183616.0,18301.0,2432.0,166,4.1505423,26168987898
Bahrain,2010,1213248.0,18788.0,2516.0,163,3.9225948,27303230073
Bahrain,2011,1206733.0,18633.0,2487.0,158,3.7181015,27829679463
Bahrain,2012,1216307.0,18778.0,2460.0,153,3.9506114,28888050241
Bahrain,2013,1257206.0,19594.0,2491.0,154,4.144911,30416985616
Bahrain,2014,1312857.0,20513.0,2714.0,159,4.236905,31727610007
Bahrain,2015,1369656.0,21038.0,2851.0,161,4.7512636,32523297872
Bahrain,2016,1429609.0,20905.0,2838.0,157,4.6236086,33764059498
Bahrain,2017,1482003.0,20853.0,2943.0,153,4.302367,35436675410
Bahrain,2018,1497634.0,20429.0,3045.0,149,3.9432495,36164044588
Bahrain,2019,1485675.0,19786.0,3124.0,140,3.7843099,36906448210
Bahrain,2020,1483081.0,19002.0,3830.0,177,4.556857,34724774104
Bahrain,2021,1501762.0,19586.0,4212.0,130,4.3277144,36235315986
Bahrain,2022,1533460.0,20367.0,3209.0,130,3.8909836,38474716945
Bangladesh,2000,134544303.0,3980972.0,1113445.0,338808,1.8050451,83492876905
Bangladesh,2001,136805810.0,3991130.0,1085482.0,321862,1.7720186,87732050538
Bangladesh,2002,138933659.0,3963262.0,1055570.0,303250,1.9341711,91094928770
Bangladesh,2003,140970355.0,3911233.0,1029294.0,284022,1.961522,95412434316
Bangladesh,2004,142902857.0,3857568.0,1007927.0,265692,1.9985431,100411600213
Bangladesh,2005,144715789.0,3770632.0,987574.0,246411,2.0587392,106974447115
Bangladesh,2006,146405983.0,3697001.0,971276.0,228878,2.1064658,114111680586
Bangladesh,2007,147989282.0,3629568.0,963370.0,214805,2.172685,122166366935
Bangladesh,2008,149474264.0,3540223.0,944575.0,197244,2.1187885,129513195397
Bangladesh,2009,150873716.0,3444271.0,932491.0,182364,2.183217,136047297736
Bangladesh,2010,152201978.0,3329284.0,920705.0,167732,2.2880766,143627564998
Bangladesh,2011,153591074.0,3242917.0,910734.0,154904,2.3641813,152912195327
Bangladesh,2012,155070110.0,3211309.0,906650.0,145057,2.353788,162884301114
Bangladesh,2013,156532134.0,3216675.0,904443.0,137400,2.2957447,172679520662
Bangladesh,2014,157964931.0,3206405.0,900891.0,130192,2.2791517,183145728910
Bangladesh,2015,159383179.0,3228108.0,898665.0,124473,2.272177,195146608978
Bangladesh,2016,160811934.0,3252648.0,896598.0,119477,2.3893821,209028320490
Bangladesh,2017,162186146.0,3242306.0,893985.0,114063,2.3672018,222803809377
Bangladesh,2018,163523109.0,3281709.0,889861.0,110188,2.3162224,239111739541
Bangladesh,2019,164913060.0,3319802.0,885868.0,106828,2.1271265,257958323968
Bangladesh,2020,166298024.0,3374090.0,1018772.0,104931,2.1825492,266852772253
Bangladesh,2021,167658855.0,3422642.0,1059068.0,102054,2.2667873,285368829855
Bangladesh,2022,169384891.0,3486416.0,853187.0,99644,2.215449,305629528154
Barbados,2000,262071.0,3969.0,2393.0,58,4.9261255,5809958899
Barbados,2001,262429.0,3950.0,2371.0,59,5.10419,5672526404
Barbados,2002,264155.0,3756.0,2386.0,58,5.4133863,5717191970
Barbados,2003,265789.0,3733.0,2413.0,58,6.173127,5841568396
Barbados,2004,267297.0,3601.0,2400.0,57,6.71095,5924027851
Barbados,2005,268717.0,3470.0,2451.0,55,6.143264,6158350231
Barbados,2006,270011.0,3389.0,2463.0,52,5.9046807,6532195763
Barbados,2007,271298.0,3486.0,2457.0,53,5.368631,6668012106
Barbados,2008,272719.0,3479.0,2496.0,52,5.7382197,6710251324
Barbados,2009,274137.0,3497.0,2500.0,51,6.3013735,6373579532
Barbados,2010,275251.0,3514.0,2533.0,51,5.970295,5858548339
Barbados,2011,276150.0,3441.0,2546.0,49,6.059103,5854200642
Barbados,2012,276949.0,3366.0,2557.0,47,6.852188,5686889314
Barbados,2013,277669.0,3340.0,2567.0,46,6.482743,5697997060
Barbados,2014,278355.0,3314.0,2583.0,45,6.097323,5743998435
Barbados,2015,278999.0,3292.0,2598.0,44,6.0917063,5699619150
Barbados,2016,279604.0,3273.0,2615.0,43,6.194795,5780344250
Barbados,2017,280177.0,3258.0,2641.0,41,6.0020504,5818185598
Barbados,2018,280719.0,3239.0,2655.0,40,5.83038,5803518805
Barbados,2019,281216.0,3219.0,2677.0,39,5.674768,5817511077
Barbados,2020,281706.0,3193.0,2696.0,37,6.727289,4804919086
Barbados,2021,282157.0,3184.0,2776.0,36,7.442776,5190267687
Barbados,2022,282324.0,3176.0,3137.0,35,5.874467,6017872511
Belarus,2000,9991310.0,90546.0,140616.0,1134,5.2808805,26100310412
Belarus,2001,9938068.0,88659.0,142424.0,1047,5.7064805,27333629960
Belarus,2002,9873451.0,86166.0,145224.0,955,5.624042,28712684731
Belarus,2003,9803175.0,85838.0,144590.0,879,5.771032,30734974379
Belarus,2004,9735089.0,86423.0,142625.0,815,5.7365065,34254050021
Belarus,2005,9667833.0,88443.0,140877.0,762,6.070363,37473931242
Belarus,2006,9608041.0,94726.0,138148.0,739,5.573663,41221322391
Belarus,2007,9563135.0,101207.0,135276.0,719,5.6917243,44766358837
Belarus,2008,9529357.0,105086.0,134062.0,690,5.294489,49332527208
Belarus,2009,9507334.0,107158.0,135341.0,653,5.39065,49431189910
Belarus,2010,9490752.0,106778.0,135662.0,609,5.6569433,53262115569
Belarus,2011,9472738.0,109637.0,132755.0,577,4.8745275,56218149516
Belarus,2012,9463075.0,115932.0,128717.0,564,5.2453895,57178272607
Belarus,2013,9464454.0,118179.0,124090.0,539,5.695631,57749323051
Belarus,2014,9472704.0,118739.0,121844.0,511,5.387922,58702836389
Belarus,2015,9487289.0,119028.0,119819.0,482,6.0652804,56454769844
Belarus,2016,9499066.0,117118.0,119138.0,450,5.9105415,55028470318
Belarus,2017,9495793.0,102953.0,119098.0,387,5.7597485,56421892161
Belarus,2018,9480031.0,94468.0,121807.0,336,5.5269947,58198729025
Belarus,2019,9435415.0,87652.0,124188.0,293,5.861338,59040547731
Belarus,2020,9350943.0,83089.0,147593.0,259,6.406072,58643356627
Belarus,2021,9251368.0,79787.0,146534.0,230,6.5655,60073587228
Belarus,2022,9173240.0,73954.0,121505.0,199,6.5778413,57275121695
Belgium,2000,10251719.0,115875.0,105242.0,699,7.999176,367797580320
Belgium,2001,10287005.0,114774.0,103716.0,662,8.149889,371841895842
Belgium,2002,10332975.0,112478.0,105936.0,619,8.318211,378188843981
Belgium,2003,10376262.0,113291.0,107134.0,589,9.189253,382114274683
Belgium,2004,10421298.0,116438.0,102143.0,543,9.354969,395760365336
Belgium,2005,10478883.0,118499.0,103324.0,562,9.250183,404948883847
Belgium,2006,10548445.0,121383.0,101605.0,600,9.1325655,415284559725
Belgium,2007,10625488.0,123022.0,102193.0,607,9.139289,430554259966
Belgium,2008,10709711.0,125935.0,104709.0,570,9.600367,432478429044
Belgium,2009,10812936.0,126154.0,104558.0,554,10.543934,424233482718
Belgium,2010,10936619.0,128632.0,105251.0,570,10.413252,435731531598
Belgium,2011,11038624.0,127165.0,104229.0,538,10.413022,444146182962
Belgium,2012,11107522.0,126462.0,109091.0,583,10.5865345,445104666468
Belgium,2013,11160277.0,124540.0,109461.0,540,10.637876,446464436962
Belgium,2014,11210113.0,123865.0,104797.0,505,10.620326,454346946885
Belgium,2015,11275332.0,121172.0,110823.0,480,10.883873,461044767544
Belgium,2016,11332707.0,120896.0,108141.0,460,10.898337,466547349432
Belgium,2017,11376583.0,118711.0,109773.0,507,10.940427,473426439010
Belgium,2018,11428608.0,117308.0,110783.0,517,10.993797,482317238282
Belgium,2019,11490623.0,117399.0,108979.0,489,10.8583145,494099718080
Belgium,2020,11540102.0,115567.0,127253.0,425,11.46253,470417598101
Belgium,2021,11570843.0,117668.0,112309.0,437,11.288251,499839663858
Belgium,2022,11641814.0,113797.0,119831.0,496,10.739763,519956253598
Belize,2000,240809.0,7275.0,1340.0,181,2.9386678,1363800371
Belize,2001,248393.0,7305.0,1385.0,182,3.4538474,1431902589
Belize,2002,256019.0,7345.0,1377.0,168,3.5550623,1509212058
Belize,2003,263794.0,7365.0,1396.0,163,3.529215,1655080826
Belize,2004,271695.0,7410.0,1413.0,160,3.4182556,1734204696
Belize,2005,279747.0,7475.0,1440.0,158,3.437295,1772690003
Belize,2006,287889.0,7347.0,1471.0,153,3.5488353,1852664108
Belize,2007,296117.0,7239.0,1508.0,147,4.0534506,1914531924
Belize,2008,304373.0,7208.0,1561.0,146,4.5128646,1883373343
Belize,2009,312619.0,7112.0,1608.0,139,4.504734,1874960133
Belize,2010,320256.0,7037.0,1658.0,134,4.4771676,1901536024
Belize,2011,327306.0,7204.0,1697.0,131,4.529044,1899062675
Belize,2012,334421.0,7358.0,1723.0,128,4.3428397,1973959679
Belize,2013,341635.0,7535.0,1762.0,126,4.4212875,2054230070
Belize,2014,348934.0,7667.0,1802.0,124,4.8707147,2134186060
Belize,2015,356341.0,7732.0,1833.0,120,4.6598873,2193095150
Belize,2016,364717.0,7795.0,1864.0,116,4.772072,2192684131
Belize,2017,373215.0,7944.0,1906.0,112,4.622288,2152487028
Belize,2018,380232.0,8039.0,1932.0,107,4.7552986,2170181947
Belize,2019,385833.0,7460.0,1944.0,97,4.816081,2262557632
Belize,2020,390819.0,7173.0,2178.0,95,5.3390117,1956594233
Belize,2021,395355.0,6539.0,2352.0,80,5.045984,2308584056
Belize,2022,402741.0,7004.0,2176.0,77,4.21643,2522139931
Benin,2000,7221618.0,303881.0,85861.0,40492,2.9591713,6219354272
Benin,2001,7445599.0,310446.0,87558.0,40417,3.3041732,6551040876
Benin,2002,7675430.0,318378.0,88900.0,40386,3.095892,6855207726
Benin,2003,7913074.0,328197.0,90237.0,40468,3.116785,7091272067
Benin,2004,8159098.0,337207.0,91570.0,40600,3.2327387,7405393050
Benin,2005,8426145.0,346205.0,92405.0,40733,3.223458,7532259620
Benin,2006,8693243.0,359386.0,94351.0,41181,3.2877386,7829312267
Benin,2007,8953973.0,366762.0,95460.0,41313,2.9371564,8298002249
Benin,2008,9228468.0,372558.0,98317.0,41267,2.651781,8704320326
Benin,2009,9509431.0,380206.0,100007.0,41242,2.8995388,8906198943
Benin,2010,9797488.0,389643.0,101944.0,41242,3.0184824,9094481753
Benin,2011,10093626.0,400626.0,104284.0,41353,2.9986556,9364019722
Benin,2012,10397659.0,412846.0,106670.0,41571,3.0756297,9814543622
Benin,2013,10708831.0,423880.0,108075.0,41773,2.8688076,10520350021
Benin,2014,11030008.0,433941.0,110183.0,41883,2.6911197,11189200116
Benin,2015,11360681.0,443019.0,112458.0,41898,2.7281342,11388160996
Benin,2016,11697845.0,450993.0,114442.0,41775,3.6204286,11768488383
Benin,2017,12039777.0,455587.0,115820.0,41461,3.6738935,12435945492
Benin,2018,12383349.0,457631.0,117365.0,40841,3.4364984,13268812302
Benin,2019,12726760.0,458619.0,118810.0,40037,3.0020688,14179807374
Benin,2020,13070169.0,461781.0,119851.0,39238,3.0512166,14725558723
Benin,2021,13413423.0,466510.0,125402.0,38486,2.9158976,15779238957
Benin,2022,13759507.0,472635.0,123118.0,37823,2.981844,16765906414
Bhutan,2000,596871.0,15029.0,4885.0,1308,4.138679,751822818
Bhutan,2001,610801.0,14577.0,4667.0,1102,4.6003795,806919209
Bhutan,2002,624417.0,14147.0,4684.0,1005,3.951611,891192074
Bhutan,2003,637667.0,13841.0,4709.0,916,3.8348145,960585283
Bhutan,2004,650559.0,13831.0,4783.0,848,4.2639775,1010125138
Bhutan,2005,661875.0,13975.0,4871.0,793,3.8330898,1080178039
Bhutan,2006,670803.0,14067.0,4872.0,742,4.085239,1141108777
Bhutan,2007,678643.0,14112.0,4790.0,689,3.8377495,1324881877
Bhutan,2008,686359.0,13928.0,4727.0,634,3.1484222,1384891723
Bhutan,2009,693994.0,13631.0,4721.0,589,3.2966502,1491078191
Bhutan,2010,701638.0,13262.0,4662.0,535,3.2575862,1668991759
Bhutan,2011,709387.0,12928.0,4644.0,490,3.0206273,1810676784
Bhutan,2012,717288.0,12616.0,4655.0,452,3.259884,1904194983
Bhutan,2013,725282.0,12376.0,4690.0,420,3.3486269,1937258289
Bhutan,2014,733151.0,12040.0,4748.0,392,3.2322645,2051190106
Bhutan,2015,740623.0,11595.0,4840.0,362,3.4365308,2187815803
Bhutan,2016,747878.0,11076.0,4913.0,333,3.2775671,2373253832
Bhutan,2017,754343.0,10379.0,5010.0,304,3.1121507,2422779966
Bhutan,2018,759766.0,9832.0,4924.0,275,3.0689673,2507622616
Bhutan,2019,764830.0,9500.0,4856.0,254,3.3751116,2651940022
Bhutan,2020,770013.0,9973.0,4829.0,250,4.084515,2380954251
Bhutan,2021,775450.0,9997.0,4835.0,245,4.7858143,2486224986
Bhutan,2022,780921.0,10001.0,4798.0,233,3.9175746,2615853471
Bolivia,2000,8606330.0,256865.0,83863.0,25135,4.395541,17334777886
Bolivia,2001,8752740.0,254876.0,83700.0,23809,4.825222,17626660727
Bolivia,2002,8900358.0,253925.0,83268.0,22628,4.8964505,18064782972
Bolivia,2003,9050703.0,254642.0,82795.0,21590,5.1970963,18554580624
Bolivia,2004,9204297.0,254854.0,82511.0,20630,4.8631573,19328918119
Bolivia,2005,9360758.0,255846.0,82285.0,19748,5.0740814,20183533309
Bolivia,2006,9521685.0,260345.0,82338.0,19102,4.6608753,21151739181
Bolivia,2007,9685960.0,260302.0,81995.0,18336,4.6968894,22117185833
Bolivia,2008,9850859.0,260466.0,81894.0,17550,4.6067724,23477060534
Bolivia,2009,10016279.0,260589.0,81850.0,16774,5.174445,24265185359
Bolivia,2010,10182345.0,260864.0,81827.0,16055,5.2023053,25266542244
Bolivia,2011,10348931.0,261007.0,82178.0,15414,5.173068,26581436462
Bolivia,2012,10515814.0,261112.0,82389.0,14775,5.2539444,27943010897
Bolivia,2013,10682612.0,261055.0,83128.0,14275,5.5746512,29842021106
Bolivia,2014,10848889.0,260816.0,83850.0,13803,5.8961363,31471565407
Bolivia,2015,11014707.0,260533.0,84360.0,13370,6.5506496,33000198248
Bolivia,2016,11180020.0,260185.0,85118.0,12987,6.8333306,34407300589
Bolivia,2017,11344591.0,259921.0,86119.0,12654,6.490195,35850757842
Bolivia,2018,11508370.0,259789.0,87022.0,12338,6.6039944,36878987709
Bolivia,2019,11671386.0,259767.0,88176.0,12051,6.88793,37434651171
Bolivia,2020,11816301.0,259912.0,128047.0,11858,8.022581,32673162317
Bolivia,2021,11937369.0,260326.0,140749.0,11406,8.160168,35949969737
Bolivia,2022,12077156.0,260457.0,92767.0,11099,7.159331,37297165307
Bosnia and Herzegovina,2000,4159785.0,42557.0,30842.0,423,7.962394,10679552181
Bosnia and Herzegovina,2001,4179446.0,41697.0,31275.0,391,7.5734477,10938351172
Bosnia and Herzegovina,2002,4188006.0,42342.0,31368.0,371,7.3993435,11488270722
Bosnia and Herzegovina,2003,4178523.0,42068.0,31287.0,351,8.280561,11932537720
Bosnia and Herzegovina,2004,4140990.0,41928.0,32377.0,333,9.062702,12687302704
Bosnia and Herzegovina,2005,4096493.0,40186.0,33642.0,309,8.820418,13181750134
Bosnia and Herzegovina,2006,4063269.0,38808.0,36091.0,288,8.883627,13895410481
Bosnia and Herzegovina,2007,4013420.0,38347.0,36792.0,276,9.255014,14709558824
Bosnia and Herzegovina,2008,3947545.0,37634.0,37471.0,264,9.486302,15510030554
Bosnia and Herzegovina,2009,3879798.0,37870.0,37217.0,258,9.015209,15044038582
Bosnia and Herzegovina,2010,3811480.0,36074.0,37968.0,245,9.012127,15174269895
Bosnia and Herzegovina,2011,3741799.0,33170.0,38528.0,223,9.171212,15319868792
Bosnia and Herzegovina,2012,3670109.0,32553.0,39313.0,214,9.479158,15193964403
Bosnia and Herzegovina,2013,3610857.0,31542.0,39906.0,207,9.436163,15551001102
Bosnia and Herzegovina,2014,3564831.0,29941.0,40945.0,199,9.471033,15730436007
Bosnia and Herzegovina,2015,3518541.0,29960.0,41900.0,191,9.240866,16404348361
Bosnia and Herzegovina,2016,3472997.0,29459.0,42469.0,188,9.139435,16936219694
Bosnia and Herzegovina,2017,3428684.0,29379.0,42190.0,186,8.817973,17485647420
Bosnia and Herzegovina,2018,3386999.0,29816.0,40575.0,186,8.761004,18155173558
Bosnia and Herzegovina,2019,3345532.0,28642.0,43834.0,179,8.925444,18679105074
Bosnia and Herzegovina,2020,3299352.0,27558.0,50065.0,178,9.703118,18115912618
Bosnia and Herzegovina,2021,3244912.0,25994.0,59668.0,128,9.555143,19454976126
Bosnia and Herzegovina,2022,3204802.0,24831.0,45032.0,152,8.716448,20277301651
Botswana,2000,1677384.0,46859.0,21006.0,3486,6.1083856,8491986059
Botswana,2001,1712264.0,47784.0,21670.0,3543,6.366078,8513264763
Botswana,2002,1744765.0,48237.0,22070.0,3545,6.665298,9029979997
Botswana,2003,1775744.0,48643.0,22098.0,3514,6.4093385,9447697367
Botswana,2004,1807153.0,49351.0,21875.0,3470,6.09126,9703335214
Botswana,2005,1839881.0,50976.0,21595.0,3445,5.2653294,10145481816
Botswana,2006,1874526.0,52751.0,21410.0,3542,4.875994,10994036837
Botswana,2007,1911200.0,54153.0,20321.0,3417,5.5208073,11630872553
Botswana,2008,1949973.0,55371.0,19939.0,3394,5.897473,12009117014
Botswana,2009,1990671.0,56528.0,19859.0,3359,6.620812,10310519328
Botswana,2010,2033110.0,57668.0,19567.0,3312,6.267182,11353915357
Botswana,2011,2073538.0,58137.0,19529.0,3247,5.86915,12130342700
Botswana,2012,2108617.0,58497.0,19296.0,3155,6.350106,12109617148
Botswana,2013,2140687.0,58191.0,18784.0,3046,6.4991364,13454136663
Botswana,2014,2172053.0,58201.0,18157.0,2930,5.880406,14220638232
Botswana,2015,2203276.0,58331.0,17434.0,2821,6.1028776,13530748844
Botswana,2016,2234784.0,58673.0,16678.0,2728,5.7683764,14505561464
Botswana,2017,2266749.0,59100.0,15941.0,2644,6.62987,15102375175
Botswana,2018,2299149.0,59541.0,15372.0,2582,6.0401034,15734967212
Botswana,2019,2332082.0,60054.0,14944.0,2514,6.121932,16212015762
Botswana,2020,2365895.0,60407.0,14797.0,2454,6.12134,14796887965
Botswana,2021,2401448.0,61049.0,20156.0,2406,6.3031507,16560125447
Botswana,2022,2439895.0,61615.0,14215.0,2395,5.736508,17468616755
Brazil,2000,174018278.0,3459239.0,1087230.0,120453,8.334572,1186419100640
Brazil,2001,176301201.0,3382286.0,1091064.0,110421,8.549633,1202909097020
Brazil,2002,178503485.0,3300495.0,1093541.0,100919,8.69687,1239639467497
Brazil,2003,180622688.0,3218588.0,1089771.0,92133,8.188994,1253781634016
Brazil,2004,182675144.0,3196886.0,1088789.0,85295,8.12492,1325999012757
Brazil,2005,184688101.0,3172258.0,1088914.0,79153,8.035396,1368459252277
Brazil,2006,186653099.0,3115423.0,1089260.0,73085,8.249525,1422677453370
Brazil,2007,188552311.0,3062690.0,1092307.0,67729,8.20183,1509032133942
Brazil,2008,190367297.0,3008005.0,1099895.0,63041,8.011285,1585905180197
Brazil,2009,192079958.0,2989532.0,1111087.0,59332,8.394805,1583909921137
Brazil,2010,193701931.0,2970979.0,1123720.0,56286,7.945166,1703150236756
Brazil,2011,195284736.0,2956872.0,1141138.0,53869,7.7881913,1770840632844
Brazil,2012,196876113.0,2940339.0,1157774.0,51332,7.7363772,1804861597828
Brazil,2013,198478290.0,2934515.0,1175771.0,49560,7.9766016,1859094488272
Brazil,2014,200085126.0,2957978.0,1200100.0,48441,8.396441,1868463501662
Brazil,2015,201675534.0,2961442.0,1219165.0,47318,8.9093,1802212206814
Brazil,2016,203218108.0,2874734.0,1265256.0,45261,9.169017,1743173232416
Brazil,2017,204703440.0,2891049.0,1280591.0,44636,9.471251,1766233131666
Brazil,2018,206107265.0,2889976.0,1306181.0,43690,9.46475,1797736844969
Brazil,2019,207455459.0,2810666.0,1338507.0,41918,9.614491,1819683217699
Brazil,2020,208660845.0,2711546.0,1565282.0,39747,9.623265,1760056587795
Brazil,2021,209550291.0,2672684.0,1753027.0,38397,9.636465,1843881119920
Brazil,2022,210306411.0,2640391.0,1585585.0,37481,9.387395,1899505377558
Brunei,2000,326429.0,6464.0,1134.0,68,2.5479064,12244033143
Brunei,2001,333353.0,6433.0,1154.0,66,2.5465107,12423538115
Brunei,2002,340108.0,6355.0,1183.0,63,2.5344794,12915688987
Brunei,2003,346650.0,6252.0,1214.0,62,2.6026058,13378513545
Brunei,2004,352921.0,6128.0,1254.0,60,2.5519338,13392499225
Brunei,2005,358930.0,5998.0,1296.0,59,2.2338617,13391973527
Brunei,2006,364670.0,5930.0,1340.0,58,1.9072516,13940831854
Brunei,2007,370883.0,5913.0,1392.0,57,1.9414544,13416151463
Brunei,2008,377800.0,6050.0,1427.0,59,1.8761202,12892826165
Brunei,2009,384965.0,6252.0,1465.0,60,2.3930662,12647829762
Brunei,2010,392340.0,6504.0,1498.0,63,2.278261,12994552864
Brunei,2011,399395.0,6776.0,1534.0,65,1.8640972,13481121714
Brunei,2012,405564.0,6933.0,1584.0,67,1.850972,13604222581
Brunei,2013,411205.0,6955.0,1649.0,67,1.898314,13315162382
Brunei,2014,416757.0,6929.0,1722.0,67,1.914368,12981233119
Brunei,2015,422223.0,6856.0,1798.0,68,2.387089,12930296870
Brunei,2016,427571.0,6749.0,1872.0,67,2.548287,12609894752
Brunei,2017,432787.0,6636.0,1949.0,66,2.2702286,12777445780
Brunei,2018,437811.0,6534.0,2029.0,64,2.416009,12784137461
Brunei,2019,442690.0,6451.0,2116.0,63,2.2310076,13278735842
Brunei,2020,447411.0,6391.0,2197.0,62,2.4535956,13429260053
Brunei,2021,451722.0,6351.0,2363.0,62,2.147487,13215632407
Brunei,2022,455374.0,6305.0,2986.0,61,1.7704219,13000438095
Bulgaria,2000,8000519.0,72135.0,115129.0,1163,5.8297095,30377671419
Bulgaria,2001,7928455.0,67967.0,112176.0,1148,6.859588,31539223117
Bulgaria,2002,7861949.0,67094.0,112433.0,1076,7.0809865,33391184646
Bulgaria,2003,7804405.0,67996.0,111795.0,996,7.199874,35139932016
Bulgaria,2004,7749430.0,70567.0,109949.0,1026,6.8909087,37427690632
Bulgaria,2005,7695047.0,71885.0,113224.0,902,6.890115,40068719166
Bulgaria,2006,7640292.0,74681.0,113227.0,880,6.5254455,42794430901
Bulgaria,2007,7586896.0,76095.0,112809.0,847,6.1565175,45642137145
Bulgaria,2008,7535589.0,78327.0,110236.0,818,6.282816,48439798806
Bulgaria,2009,7488016.0,81232.0,107824.0,879,6.595776,46818449430
Bulgaria,2010,7437594.0,76057.0,109563.0,834,7.0947795,47546646111
Bulgaria,2011,7380023.0,71337.0,107961.0,718,7.1025057,48540454689
Bulgaria,2012,7317020.0,69316.0,109021.0,665,7.5390368,48903932680
Bulgaria,2013,7264605.0,66702.0,104158.0,611,7.1416745,48638504922
Bulgaria,2014,7223450.0,67457.0,108799.0,605,7.683062,49100303096
Bulgaria,2015,7177515.0,65896.0,110010.0,510,7.3936357,50768512172
Bulgaria,2016,7127436.0,65025.0,107362.0,491,7.45975,52305086279
Bulgaria,2017,7075642.0,63939.0,109605.0,494,7.496245,53741345963
Bulgaria,2018,7024745.0,62236.0,108365.0,446,7.3408628,54993600227
Bulgaria,2019,6975466.0,61503.0,107891.0,416,7.1181364,57079683269
Bulgaria,2020,6933656.0,58839.0,124102.0,358,8.440609,55291242409
Bulgaria,2021,6877222.0,59000.0,148512.0,399,8.580489,59619536577
Bulgaria,2022,6825862.0,64058.0,115520.0,420,7.6384945,62054317357
Burkina Faso,2000,11925548.0,539498.0,182835.0,92863,4.021167,5107828181
Burkina Faso,2001,12294996.0,552129.0,184408.0,92893,3.959839,5445629583
Burkina Faso,2002,12680904.0,564087.0,186757.0,92900,4.1798553,5682675869
Burkina Faso,2003,13082530.0,582049.0,187543.0,92390,4.4226604,6126066307
Burkina Faso,2004,13500536.0,595700.0,187130.0,91265,5.2308364,6400419254
Burkina Faso,2005,13932127.0,613825.0,186583.0,90046,4.837849,6954815456
Burkina Faso,2006,14373713.0,637917.0,187564.0,89494,5.170433,7389711520
Burkina Faso,2007,14816313.0,654744.0,187476.0,88473,5.77535,7693530569
Burkina Faso,2008,15258103.0,670185.0,184973.0,86454,4.967216,8139754707
Burkina Faso,2009,15710067.0,683565.0,183969.0,84809,5.1968393,8380850241
Burkina Faso,2010,16176503.0,698825.0,183353.0,83305,5.2896724,9088720451
Burkina Faso,2011,16661907.0,712470.0,181695.0,81415,4.6486816,9690626654
Burkina Faso,2012,17172284.0,726047.0,181757.0,79967,4.6026726,10315931043
Burkina Faso,2013,17695411.0,737957.0,181860.0,78434,5.563316,10913490102
Burkina Faso,2014,18229466.0,744883.0,181681.0,76660,5.0002723,11385699970
Burkina Faso,2015,18777488.0,751910.0,181355.0,74789,5.131924,11832159315
Burkina Faso,2016,19334854.0,752608.0,181101.0,72664,5.9528465,12537116611
Burkina Faso,2017,19894413.0,750548.0,180579.0,70252,6.120752,13314855313
Burkina Faso,2018,20438289.0,735902.0,179403.0,67206,4.944277,14194244128
Burkina Faso,2019,20961956.0,719512.0,179512.0,64182,5.3500113,15030172259
Burkina Faso,2020,21478691.0,703172.0,178808.0,60785,6.8946996,15332394848
Burkina Faso,2021,21995249.0,713006.0,185536.0,58555,7.0869193,16396850182
Burkina Faso,2022,22509038.0,721256.0,183104.0,57021,7.4143553,16663583086
Burundi,2000,6470196.0,276449.0,102582.0,41149,4.221816,1709130260
Burundi,2001,6634368.0,285509.0,100969.0,40524,5.681804,1744266681
Burundi,2002,6824139.0,300548.0,98655.0,40337,5.349836,1821825838
Burundi,2003,7043158.0,313617.0,97324.0,40307,5.272452,1799531646
Burundi,2004,7310656.0,331100.0,96210.0,40140,7.0957274,1886514847
Burundi,2005,7587303.0,350183.0,96782.0,40309,7.560166,1903493481
Burundi,2006,7865545.0,366335.0,96462.0,39982,8.712648,2006544947
Burundi,2007,8161879.0,381375.0,96050.0,39391,9.18554,2075660260
Burundi,2008,8505643.0,396840.0,96093.0,38774,7.741475,2177549065
Burundi,2009,8947653.0,415969.0,96384.0,38190,9.232385,2260014499
Burundi,2010,9376448.0,440345.0,98541.0,37972,11.281967,2375133693
Burundi,2011,9717980.0,446809.0,97878.0,36776,10.069963,2470719237
Burundi,2012,10071033.0,450756.0,96686.0,35320,8.637565,2579999920
Burundi,2013,10439346.0,458280.0,96055.0,34038,8.628346,2707037177
Burundi,2014,10799789.0,463323.0,95524.0,32796,7.2108154,2821948416
Burundi,2015,11047581.0,466834.0,95985.0,31618,6.290445,2810532912
Burundi,2016,11239459.0,450656.0,92265.0,29493,7.0614824,2900474875
Burundi,2017,11506764.0,444372.0,90491.0,27768,6.952304,3011616941
Burundi,2018,11859444.0,441348.0,89648.0,26383,7.2939615,3172504889
Burundi,2019,12255339.0,448292.0,90615.0,25507,9.059406,3313977733
Burundi,2020,12617041.0,452381.0,90724.0,24607,10.707762,3324133212
Burundi,2021,12965487.0,454572.0,94727.0,23781,8.941903,3431737891
Burundi,2022,13321102.0,456995.0,93200.0,22977,8.668775,3511275322
Cambodia,2000,12462343.0,354758.0,108419.0,36881,6.4812655,7459479704
Cambodia,2001,12658486.0,355824.0,105101.0,33660,6.7602835,8010713670
Cambodia,2002,12855249.0,353882.0,102022.0,30607,6.9195275,8512590714
Cambodia,2003,13050977.0,350806.0,98932.0,27651,6.4576244,9387998414
Cambodia,2004,13244737.0,347814.0,96171.0,25007,6.485218,10275886653
Cambodia,2005,13439203.0,350813.0,94065.0,22947,6.150014,11642922159
Cambodia,2006,13639032.0,356349.0,92645.0,21292,5.3644032,12917049054
Cambodia,2007,13841773.0,362784.0,92033.0,19918,4.427027,14260222987
Cambodia,2008,14053479.0,363698.0,91579.0,18404,5.6129665,15326369460
Cambodia,2009,14276819.0,365845.0,91145.0,17185,6.3089695,15950885068
Cambodia,2010,14500730.0,363038.0,90763.0,15908,5.627132,16760698493
Cambodia,2011,14722587.0,362638.0,90467.0,14905,6.0044365,17981993293
Cambodia,2012,14945090.0,367322.0,90672.0,13934,5.7763286,19357661918
Cambodia,2013,15170210.0,372579.0,91556.0,13320,5.008637,20878690156
Cambodia,2014,15396771.0,375729.0,92534.0,12575,4.4078465,22549052336
Cambodia,2015,15623253.0,378364.0,93970.0,11967,4.538986,24174170369
Cambodia,2016,15852802.0,379768.0,95641.0,11442,4.490533,26085259688
Cambodia,2017,16073374.0,380213.0,97515.0,10958,4.2693324,28191654621
Cambodia,2018,16274522.0,380367.0,99703.0,10476,4.497078,30665817313
Cambodia,2019,16481305.0,378867.0,102001.0,10014,5.0580106,33099747942
Cambodia,2020,16725484.0,374795.0,106055.0,9584,5.1303144,31922812945
Cambodia,2021,16974309.0,371827.0,115873.0,9167,6.3388805,32909177695
Cambodia,2022,17201721.0,366027.0,108775.0,8743,4.468561,34597385966
Cameroon,2000,14912632.0,609606.0,197969.0,84961,4.295734,17168567484
Cameroon,2001,15309489.0,622620.0,200117.0,85351,4.168304,17910981185
Cameroon,2002,15725534.0,641602.0,202053.0,85711,4.026699,18712860619
Cameroon,2003,16160340.0,663763.0,204346.0,86264,3.9022799,19733301668
Cameroon,2004,16610485.0,685601.0,206719.0,86832,3.72799,21124275032
Cameroon,2005,17074599.0,705512.0,208968.0,87179,3.7727444,21594980960
Cameroon,2006,17550403.0,721591.0,210220.0,87058,3.7366283,22417659743
Cameroon,2007,18049897.0,738190.0,211240.0,86772,3.794988,23387803922
Cameroon,2008,18574052.0,755313.0,212396.0,86385,3.6584368,24053813243
Cameroon,2009,19113978.0,771425.0,213585.0,85534,3.4999719,24674221649
Cameroon,2010,19668063.0,783507.0,213595.0,84375,3.5774217,25389533434
Cameroon,2011,20232312.0,793453.0,212848.0,82608,3.8528295,26247499413
Cameroon,2012,20809530.0,804318.0,210278.0,80338,3.9310236,27461703151
Cameroon,2013,21402379.0,814923.0,208843.0,78158,3.6313643,28833560540
Cameroon,2014,22059894.0,828313.0,209069.0,76215,4.341488,30482787768
Cameroon,2015,22763418.0,858607.0,209424.0,75174,4.126005,32210233020
Cameroon,2016,23454165.0,885986.0,208929.0,74321,4.022537,33671222913
Cameroon,2017,24128609.0,905199.0,208719.0,73357,3.7929394,34863580363
Cameroon,2018,24806377.0,915335.0,209156.0,71979,3.6197016,36242614248
Cameroon,2019,25506095.0,922896.0,208210.0,70484,3.6515791,37502066832
Cameroon,2020,26210566.0,928861.0,212485.0,68859,4.2505193,37599547048
Cameroon,2021,26915765.0,936082.0,222277.0,67128,4.341098,38854942334
Cameroon,2022,27632770.0,946933.0,212027.0,65645,4.4943914,40306867605
Canada,2000,30891800.0,329737.0,220889.0,1994,8.248085,1163200843613
Canada,2001,31213578.0,333510.0,222643.0,2096,8.6247635,1185012000891
Canada,2002,31535579.0,329815.0,226849.0,2090,8.856652,1220553536588
Canada,2003,31836483.0,334808.0,229673.0,2090,9.010865,1242601434048
Canada,2004,32132680.0,337172.0,230174.0,2054,9.066234,1281027191102
Canada,2005,32440172.0,342817.0,233957.0,2150,9.035298,1322153985116
Canada,2006,32759174.0,354634.0,232190.0,2084,9.331887,1357031663572
Canada,2007,33092171.0,367258.0,239677.0,2175,9.434696,1384849517992
Canada,2008,33449088.0,377291.0,242930.0,2194,9.594279,1398634398326
Canada,2009,33826370.0,380249.0,242591.0,2128,10.704025,1357862999005
Canada,2010,34196900.0,377848.0,244282.0,2194,10.700665,1399831914632
Canada,2011,34555449.0,378973.0,247868.0,2116,10.405187,1443747363549
Canada,2012,34922513.0,383018.0,250821.0,2099,10.540711,1469094677743
Canada,2013,35293421.0,382695.0,256612.0,2204,10.435593,1503263081057
Canada,2014,35634265.0,386115.0,263225.0,2065,10.281157,1546458845944
Canada,2015,35962236.0,384571.0,268728.0,2033,10.763979,1556510380200
Canada,2016,36353345.0,383577.0,270983.0,2028,11.05627,1572675533072
Canada,2017,36808498.0,377884.0,282308.0,1973,10.9242115,1620387912547
Canada,2018,37294996.0,374264.0,289729.0,2043,10.922621,1664834560154
Canada,2019,37782934.0,372337.0,288924.0,1914,11.048235,1696606794629
Canada,2020,38171903.0,362246.0,311994.0,1864,13.017329,1611127783961
Canada,2021,38454058.0,369789.0,311189.0,1883,12.381066,1706998394665
Canada,2022,38821259.0,354665.0,337728.0,1775,11.081197,1787149136135
Cape Verde,2000,453335.0,12631.0,2880.0,443,3.8602502,923550525
Cape Verde,2001,460300.0,12318.0,2805.0,401,3.6965292,944160982
Cape Verde,2002,467056.0,12003.0,2731.0,369,3.7248976,993737848
Cape Verde,2003,473384.0,11714.0,2679.0,342,3.6274426,1035238917
Cape Verde,2004,479377.0,11478.0,2653.0,324,3.546163,1140802982
Cape Verde,2005,485128.0,11059.0,2627.0,306,3.3408659,1219660508
Cape Verde,2006,490728.0,10606.0,2631.0,292,3.8240676,1317035160
Cape Verde,2007,496196.0,10213.0,2659.0,281,3.8421862,1516838454
Cape Verde,2008,501362.0,9955.0,2642.0,271,3.2695158,1623608884
Cape Verde,2009,506148.0,9872.0,2660.0,263,3.55867,1599196517
Cape Verde,2010,509793.0,10410.0,2660.0,260,4.080854,1628564468
Cape Verde,2011,511453.0,10524.0,2649.0,249,3.9252782,1692481034
Cape Verde,2012,511966.0,9782.0,2626.0,222,4.674055,1710821579
Cape Verde,2013,512231.0,9425.0,2642.0,201,4.8246827,1721636311
Cape Verde,2014,512334.0,9263.0,2636.0,185,4.8523154,1733630380
Cape Verde,2015,512405.0,8946.0,2630.0,169,4.400737,1749857620
Cape Verde,2016,512556.0,8878.0,2643.0,154,4.36134,1824764034
Cape Verde,2017,512899.0,8616.0,2629.0,142,4.4807096,1907814790
Cape Verde,2018,513418.0,7933.0,2653.0,125,4.785482,1978536809
Cape Verde,2019,514116.0,7345.0,2568.0,112,4.824313,2116002110
Cape Verde,2020,514683.0,6764.0,3031.0,102,7.0339932,1675762033
Cape Verde,2021,516655.0,6494.0,2910.0,93,6.607736,1793627260
Cape Verde,2022,519750.0,6465.0,2601.0,85,6.702434,2077803747
Central African Republic,2000,3833421.0,161226.0,63757.0,26057,4.3808217,1675850364
Central African Republic,2001,3919498.0,164424.0,64826.0,26100,4.01044,1750672710
Central African Republic,2002,4006079.0,165879.0,65289.0,25977,4.236336,1813986527
Central African Republic,2003,4103092.0,171114.0,65576.0,25952,4.1857247,1716076872
Central African Republic,2004,4192828.0,174245.0,65694.0,25868,4.143679,1818953694
Central African Republic,2005,4288814.0,179167.0,65634.0,25782,4.2285757,1835473623
Central African Republic,2006,4377582.0,184701.0,65826.0,25815,4.3110867,1923045637
Central African Republic,2007,4462777.0,188292.0,65151.0,25724,4.633889,2011650635
Central African Republic,2008,4558989.0,193562.0,64930.0,25637,4.0263577,2052972574
Central African Republic,2009,4529051.0,197666.0,328277.0,100353,4.683256,2229266675
Central African Republic,2010,4493003.0,202009.0,71464.0,27742,3.5669987,2332499967
Central African Republic,2011,4565023.0,206859.0,63949.0,26127,3.6756186,2430339369
Central African Republic,2012,4610848.0,208167.0,61375.0,25543,3.9181445,2553162918
Central African Republic,2013,4642423.0,207318.0,66827.0,27054,4.766602,1624016454
Central African Republic,2014,4623187.0,206410.0,98965.0,37125,4.5655737,1625333052
Central African Republic,2015,4629322.0,200626.0,58711.0,24690,5.034342,1695825714
Central African Republic,2016,4713663.0,204529.0,62114.0,25507,5.444023,1776382808
Central African Republic,2017,4793512.0,209676.0,81217.0,31128,6.665416,1856804600
Central African Republic,2018,4878663.0,213870.0,60510.0,24790,10.994841,1927167163
Central African Republic,2019,4944708.0,218100.0,149574.0,52349,7.760815,1986909345
Central African Republic,2020,5026629.0,223558.0,66647.0,26109,8.98488,2004791529
Central African Republic,2021,5112103.0,231200.0,106790.0,38004,9.150975,2024497026
Central African Republic,2022,5098038.0,231576.0,281036.0,94166,9.949935,2033686256
Chad,2000,8512092.0,439131.0,151959.0,78043,4.2069755,4516519365
Chad,2001,8804122.0,451136.0,153875.0,78741,4.0803933,5043061274
Chad,2002,9116195.0,460121.0,157126.0,79022,5.602512,5471278189
Chad,2003,9487830.0,474662.0,159922.0,79643,4.246983,6276741545
Chad,2004,9920036.0,499724.0,165585.0,81324,4.2398286,8387570299
Chad,2005,10328094.0,523340.0,171041.0,82998,3.731969,9841348751
Chad,2006,10706426.0,538567.0,176542.0,84203,3.7341726,9787927000
Chad,2007,11081667.0,555267.0,178526.0,84741,3.4719965,10199036983
Chad,2008,11476299.0,568419.0,180980.0,85113,3.1635978,10513288725
Chad,2009,11893753.0,585846.0,183911.0,85522,3.3626013,10365231906
Chad,2010,12312580.0,603058.0,186877.0,85839,3.08811,11782555814
Chad,2011,12755004.0,618487.0,189495.0,85960,2.8558578,12312232324
Chad,2012,13211006.0,636465.0,192218.0,85891,2.6730642,13427942676
Chad,2013,13691081.0,649348.0,194842.0,85548,2.9576604,13809056592
Chad,2014,14188680.0,667604.0,199646.0,85428,3.2970834,14093914057
Chad,2015,14647626.0,681261.0,203257.0,85044,3.4025393,14559599499
Chad,2016,15114652.0,688209.0,204767.0,83878,3.7084248,13959379525
Chad,2017,15622756.0,701724.0,207412.0,82948,3.510234,13733590857
Chad,2018,16156535.0,717372.0,207723.0,82090,3.289322,14522052213
Chad,2019,16685223.0,739415.0,208889.0,81483,3.3847163,15303748438
Chad,2020,17224686.0,753575.0,212342.0,80581,4.352151,15243505756
Chad,2021,17828274.0,771674.0,216831.0,79784,3.9722333,15288236703
Chad,2022,18455319.0,800043.0,211970.0,79609,4.1582355,15919594857
Chile,2000,15503638.0,253044.0,77691.0,2906,7.0002074,131243743563
Chile,2001,15683852.0,249600.0,77938.0,2703,7.097331,135383217071
Chile,2002,15857926.0,241810.0,79493.0,2545,7.208338,139719269577
Chile,2003,16024755.0,236992.0,82700.0,2424,7.250478,146318553366
Chile,2004,16187324.0,233333.0,83211.0,2320,6.910286,156084225513
Chile,2005,16348780.0,232635.0,85634.0,2270,6.6237206,165194933117
Chile,2006,16509195.0,231044.0,88772.0,2220,6.072356,175189211415
Chile,2007,16671571.0,236641.0,91596.0,2221,6.2125964,184243394522
Chile,2008,16838987.0,241683.0,94578.0,2227,6.739545,191225100461
Chile,2009,17009730.0,244308.0,96733.0,2277,7.2502685,189087132632
Chile,2010,17181463.0,244494.0,98971.0,2229,6.819584,200151851762
Chile,2011,17351810.0,243213.0,102168.0,2167,6.799475,212609096429
Chile,2012,17519116.0,241335.0,106731.0,2111,7.0195127,225695909224
Chile,2013,17687006.0,240927.0,107148.0,2066,7.475527,233163076995
Chile,2014,17864192.0,240683.0,109302.0,2017,7.8415017,237342873662
Chile,2015,18047630.0,237273.0,110194.0,1949,8.351394,242450355830
Chile,2016,18267225.0,231728.0,111179.0,1883,8.557671,246700604515
Chile,2017,18558868.0,218305.0,112045.0,1725,9.090518,250050047209
Chile,2018,18893185.0,221012.0,117053.0,1617,9.150404,260027117802
Chile,2019,19197748.0,210016.0,124017.0,1440,9.309685,261702273348
Chile,2020,19370621.0,195578.0,143204.0,1188,9.697346,245634546877
Chile,2021,19456323.0,176463.0,148947.0,1041,9.724502,273483125955
Chile,2022,19553033.0,189124.0,148082.0,1035,10.005307,279127595176
China,2000,1269581174.0,17551192.0,7780055.0,625893,4.453586,2824916263542
China,2001,1278725061.0,16586483.0,7830809.0,561863,4.1975203,3060063619716
China,2002,1286866835.0,16382375.0,7916788.0,512491,4.321562,3342692586001
China,2003,1294517323.0,16221728.0,8011829.0,467493,4.3546047,3680766226629
China,2004,1302100316.0,16461427.0,8121151.0,433014,4.2294908,4054011719388
China,2005,1310027135.0,16602725.0,8214690.0,399792,4.112308,4518338478814
China,2006,1318054030.0,16868048.0,8339011.0,371363,3.8865502,5091050723394
China,2007,1325813576.0,17202356.0,8410712.0,346620,3.6173773,5811473655332
China,2008,1333821011.0,17712990.0,8683383.0,334076,3.8362775,6373372030110
China,2009,1342522717.0,18031192.0,8715892.0,306336,4.27632,6972857785771
China,2010,1351561505.0,17912368.0,8788793.0,283665,4.158211,7711401293675
China,2011,1360250658.0,17824404.0,8969344.0,260979,4.267194,8441058131256
China,2012,1369520866.0,19246444.0,9086058.0,255120,4.490466,9104341297809
China,2013,1379008040.0,18297106.0,9235336.0,230487,4.6388264,9812516071429
China,2014,1387951970.0,18769424.0,9383269.0,216890,4.6988025,10544628617502
China,2015,1396134171.0,17518180.0,9521878.0,192467,4.853676,11280814787468
China,2016,1404052628.0,18329284.0,9688664.0,183254,4.883381,12044942062503
China,2017,1412354730.0,18260492.0,10049252.0,170302,4.9695034,12874987827480
China,2018,1419008954.0,15357072.0,9967030.0,141044,5.069333,13745054545709
China,2019,1423520357.0,14615866.0,10128803.0,124102,5.2651687,14579018970009
China,2020,1426106093.0,11843469.0,10411387.0,99296,5.5044184,14920095680400
China,2021,1426437269.0,10461124.0,10759523.0,82067,5.2559032,16198805195731
China,2022,1425179562.0,9455320.0,10998724.0,72370,5.880788,16706452162504
Colombia,2000,39089939.0,870048.0,217884.0,22503,5.6352935,157016818928
Colombia,2001,39709263.0,862583.0,219646.0,21613,5.942383,159651401476
Colombia,2002,40324684.0,861020.0,220158.0,20908,5.732966,163649041384
Colombia,2003,40937426.0,856735.0,214594.0,19668,5.7750545,170061255792
Colombia,2004,41543177.0,842400.0,213997.0,18814,5.798921,179130660092
Colombia,2005,42128978.0,824839.0,214218.0,17943,6.067106,187780451739
Colombia,2006,42691081.0,809616.0,215241.0,17081,6.3354664,200393418124
Colombia,2007,43235374.0,802116.0,218967.0,16399,6.4910216,213896316785
Colombia,2008,43758805.0,796007.0,219345.0,15692,6.841922,220919487240
Colombia,2009,44271543.0,781638.0,222621.0,14934,7.3113456,223437193184
Colombia,2010,44777325.0,758100.0,224437.0,14216,7.071302,233479933032
Colombia,2011,45259614.0,738679.0,227145.0,13440,6.780768,249701866578
Colombia,2012,45715807.0,730825.0,227505.0,12718,6.746016,259471791121
Colombia,2013,46151583.0,721365.0,232279.0,12124,7.0172405,272793056063
Colombia,2014,46565426.0,710473.0,239565.0,11567,7.185532,285066097496
Colombia,2015,46969938.0,693457.0,246688.0,10937,7.523385,293492370193
Colombia,2016,47437513.0,677004.0,251870.0,10343,7.5311704,299618678572
Colombia,2017,48131076.0,682368.0,255821.0,10065,7.678643,303691577641
Colombia,2018,49024463.0,695926.0,262295.0,9836,7.717775,311479214511
Colombia,2019,49907987.0,709573.0,268507.0,9704,7.8340483,321405606655
Colombia,2020,50629997.0,714207.0,335215.0,9423,8.697513,298309675728
Colombia,2021,51188174.0,713944.0,402786.0,9131,9.141505,330530695024
Colombia,2022,51737944.0,710397.0,304254.0,8822,7.5903726,354752900899
Comoros,2000,536084.0,18955.0,5688.0,1867,7.51525,616936255
Comoros,2001,547221.0,19202.0,5609.0,1832,6.6571784,650371730
Comoros,2002,558927.0,19419.0,5659.0,1827,6.685946,680273759
Comoros,2003,569808.0,19635.0,5606.0,1781,6.6602483,693433165
Comoros,2004,580711.0,19937.0,5591.0,1733,6.5857615,714932451
Comoros,2005,592679.0,20415.0,5607.0,1704,6.1314287,755434822
Comoros,2006,604752.0,20743.0,5619.0,1676,5.7734184,742181120
Comoros,2007,616935.0,21060.0,5672.0,1657,5.4175386,748145286
Comoros,2008,629314.0,21459.0,5653.0,1626,5.068975,777806337
Comoros,2009,641949.0,22005.0,5690.0,1613,4.926944,803013024
Comoros,2010,654846.0,22550.0,5700.0,1597,4.9918156,833348983
Comoros,2011,668064.0,23056.0,5743.0,1580,5.3021183,867878854
Comoros,2012,681637.0,23340.0,5773.0,1557,5.1735463,895376813
Comoros,2013,696203.0,23570.0,5792.0,1522,5.102993,935366556
Comoros,2014,711512.0,23708.0,5831.0,1485,5.2384973,955071527
Comoros,2015,726685.0,23821.0,5859.0,1441,4.600899,966029600
Comoros,2016,741745.0,23804.0,5891.0,1391,4.6526356,998106097
Comoros,2017,756672.0,23722.0,5927.0,1339,5.2680745,1036191459
Comoros,2018,771597.0,23850.0,5971.0,1303,4.903186,1073934227
Comoros,2019,786582.0,23949.0,6014.0,1268,5.1804447,1092843848
Comoros,2020,802172.0,24053.0,6144.0,1229,5.902421,1090706717
Comoros,2021,818178.0,24134.0,6489.0,1194,6.46315,1112983883
Comoros,2022,834191.0,24243.0,6088.0,1161,8.471195,1140294412
Congo,2000,3151349.0,113966.0,35476.0,12284,1.5050085,6482377234
Congo,2001,3272542.0,121369.0,36489.0,12490,2.1852999,6728876234
Congo,2002,3350770.0,125039.0,36539.0,12379,1.7016783,7037184600
Congo,2003,3445758.0,127338.0,36015.0,12074,1.918524,7094415494
Congo,2004,3565565.0,132330.0,35748.0,11718,1.9215237,7341062186
Congo,2005,3696399.0,136888.0,35539.0,11360,1.717741,7910417276
Congo,2006,3837411.0,142358.0,35484.0,11018,1.7086132,8542162055
Congo,2007,3980430.0,148138.0,35678.0,10745,1.9020017,7977183901
Congo,2008,4113514.0,156315.0,35599.0,10538,2.2392714,8480255108
Congo,2009,4281218.0,162727.0,35824.0,10399,2.1422224,9467126891
Congo,2010,4462304.0,173633.0,36729.0,10557,1.8517286,10407332392
Congo,2011,4609728.0,177029.0,36655.0,10389,1.7523732,10636909752
Congo,2012,4740457.0,179282.0,36819.0,10201,1.9097106,11694979455
Congo,2013,4857104.0,178855.0,36777.0,9941,1.9434716,11611660392
Congo,2014,4975887.0,178231.0,36554.0,9546,1.9731174,12383378937
Congo,2015,5097583.0,178070.0,36530.0,9218,2.4566848,12434793867
Congo,2016,5222545.0,178053.0,36696.0,8899,2.59423,11354801748
Congo,2017,5351013.0,178792.0,36817.0,8590,2.3647602,10719526284
Congo,2018,5483128.0,179756.0,37057.0,8321,1.7558498,10472514332
Congo,2019,5616656.0,180763.0,41252.0,9148,2.3477128,10590275024
Congo,2020,5752792.0,182600.0,39110.0,7861,4.0177507,9926500702
Congo,2021,5892187.0,184882.0,40639.0,7738,3.4613335,10027261669
Congo,2022,6035104.0,186731.0,39653.0,7582,2.3001137,10175199489
Costa Rica,2000,3937737.0,79689.0,15426.0,1047,6.564987,30425018571
Costa Rica,2001,4008951.0,77805.0,15608.0,993,6.4740987,31487207733
Costa Rica,2002,4075710.0,74128.0,15737.0,929,6.8690877,32563086628
Costa Rica,2003,4138791.0,72726.0,15984.0,881,6.9691925,33968893691
Costa Rica,2004,4200079.0,71973.0,16201.0,850,6.6300607,35471881289
Costa Rica,2005,4261240.0,73520.0,16380.0,842,6.6642966,36882479643
Costa Rica,2006,4321337.0,70996.0,16817.0,803,6.9353085,39584746486
Costa Rica,2007,4380250.0,72729.0,17487.0,801,6.996426,42836685698
Costa Rica,2008,4440058.0,74620.0,18133.0,803,7.4685483,44866362879
Costa Rica,2009,4499788.0,74359.0,18601.0,790,7.860192,44474474900
Costa Rica,2010,4555965.0,70192.0,19389.0,740,8.029377,46858459514
Costa Rica,2011,4609834.0,72648.0,19763.0,735,8.121978,48921712094
Costa Rica,2012,4663930.0,72108.0,20075.0,714,7.7864227,51310359954
Costa Rica,2013,4716153.0,69655.0,20432.0,675,7.6822934,52590433349
Costa Rica,2014,4767126.0,70781.0,21217.0,661,7.663762,54453244336
Costa Rica,2015,4818045.0,70846.0,21767.0,644,7.591962,56441920888
Costa Rica,2016,4867003.0,69035.0,23470.0,617,7.3172436,58814921667
Costa Rica,2017,4913177.0,67859.0,24392.0,593,7.04523,61260269163
Costa Rica,2018,4957813.0,67536.0,25065.0,574,7.285877,63007938631
Costa Rica,2019,4999549.0,63301.0,25621.0,535,7.221249,64714281272
Costa Rica,2020,5034323.0,57220.0,28054.0,481,7.8254576,62034078866
Costa Rica,2021,5059991.0,53349.0,33230.0,439,7.6113048,67132150844
Costa Rica,2022,5081764.0,52440.0,31027.0,416,7.183682,70798368208
Cote d'Ivoire,2000,17699007.0,783669.0,238543.0,106550,3.6147692,30406072178
Cote d'Ivoire,2001,18178920.0,798087.0,242883.0,106556,3.5904715,29751121585
Cote d'Ivoire,2002,18654772.0,809610.0,245915.0,105797,3.5414605,28938759334
Cote d'Ivoire,2003,19125546.0,818605.0,250381.0,104484,3.951477,27571152176
Cote d'Ivoire,2004,19594997.0,828403.0,248963.0,102654,4.021487,28449303912
Cote d'Ivoire,2005,20068468.0,841410.0,247725.0,100806,3.9663908,28732677632
Cote d'Ivoire,2006,20546808.0,851472.0,246480.0,98795,3.9286146,29541668752
Cote d'Ivoire,2007,21030558.0,861431.0,244200.0,96649,4.1937966,29867049486
Cote d'Ivoire,2008,21514446.0,870785.0,240162.0,94498,4.1387105,31295490700
Cote d'Ivoire,2009,21997936.0,896304.0,241867.0,93123,4.6397142,32423167866
Cote d'Ivoire,2010,22488068.0,920563.0,244024.0,91777,4.5749483,34643522418
Cote d'Ivoire,2011,22982003.0,938718.0,244682.0,90367,4.397007,32783010325
Cote d'Ivoire,2012,23467083.0,954821.0,245981.0,88372,4.4273715,35281210700
Cote d'Ivoire,2013,23939775.0,968388.0,248156.0,85906,3.717738,39077544167
Cote d'Ivoire,2014,24527393.0,977203.0,248228.0,83615,3.7310183,42739891584
Cote d'Ivoire,2015,25246347.0,978751.0,247351.0,83100,3.2198832,45815005169
Cote d'Ivoire,2016,25989404.0,980892.0,245258.0,81308,3.3210127,49101205368
Cote d'Ivoire,2017,26733376.0,977902.0,243358.0,79124,3.2469304,52739979047
Cote d'Ivoire,2018,27464175.0,963483.0,241014.0,76204,3.091678,55294253263
Cote d'Ivoire,2019,28193014.0,967182.0,239423.0,73805,3.1891685,59010785540
Cote d'Ivoire,2020,28915452.0,973041.0,245568.0,71649,3.6232789,59423700880
Cote d'Ivoire,2021,29639737.0,980502.0,248325.0,69641,3.7620766,63620521822
Cote d'Ivoire,2022,30395004.0,987825.0,237561.0,68073,3.6384761,67692161181
Croatia,2000,4326105.0,40917.0,52629.0,355,7.650843,39680657122
Croatia,2001,4301079.0,40925.0,50954.0,352,7.1699524,40915080020
Croatia,2002,4305783.0,40123.0,50296.0,333,6.143005,43288734001
Croatia,2003,4306683.0,39669.0,50550.0,339,6.2978253,45699236426
Croatia,2004,4310050.0,39882.0,50264.0,285,6.5067997,47605119872
Croatia,2005,4313946.0,42452.0,50364.0,282,6.840681,49665562073
Croatia,2006,4315802.0,41464.0,51326.0,269,6.9036217,52183539129
Croatia,2007,4315959.0,41939.0,51513.0,255,7.3894615,54818202926
Croatia,2008,4314635.0,43778.0,52240.0,266,7.636435,55899090638
Croatia,2009,4310537.0,44632.0,52222.0,251,8.033117,52091418017
Croatia,2010,4301150.0,43443.0,51994.0,240,7.9490886,51395391839
Croatia,2011,4280827.0,41321.0,51959.0,205,7.6250815,51338072036
Croatia,2012,4259233.0,41575.0,51854.0,202,7.63413,50189628842
Croatia,2013,4242403.0,39661.0,52022.0,200,6.372716,50123096928
Croatia,2014,4219485.0,39192.0,53292.0,204,6.566124,49842639321
Croatia,2015,4183732.0,36996.0,53771.0,192,6.6554804,50999271058
Croatia,2016,4136438.0,36663.0,54815.0,179,6.6916747,52766972837
Croatia,2017,4079198.0,35415.0,55052.0,177,6.6280313,54499873306
Croatia,2018,4024868.0,35134.0,54587.0,178,6.713618,56086403565
Croatia,2019,3986338.0,33999.0,53352.0,151,6.786999,57826469010
Croatia,2020,3953956.0,33454.0,57058.0,157,7.6835294,53020817678
Croatia,2021,3924607.0,35785.0,57806.0,168,8.082657,59718022506
Croatia,2022,3907031.0,33039.0,53347.0,158,7.2963634,64074327526
Cuba,2000,11109112.0,142835.0,81695.0,1241,6.581898,45683563278
Cuba,2001,11144134.0,138456.0,81128.0,1166,6.982098,47138598430
Cuba,2002,11177422.0,140095.0,81884.0,1127,7.114816,47810239203
Cuba,2003,11209379.0,135794.0,79626.0,1059,7.1029544,49623557376
Cuba,2004,11238756.0,126573.0,82308.0,966,6.831787,52487103646
Cuba,2005,11262553.0,119602.0,82940.0,891,8.755255,58366528662
Cuba,2006,11278550.0,111368.0,86860.0,816,8.271906,65408954114
Cuba,2007,11287274.0,113109.0,88498.0,791,10.967492,70159041951
Cuba,2008,11291764.0,123199.0,90358.0,811,11.314228,73047369063
Cuba,2009,11294719.0,130300.0,92755.0,822,12.29054,74107509498
Cuba,2010,11297414.0,129104.0,92080.0,802,10.688083,75878940053
Cuba,2011,11301578.0,133028.0,92277.0,813,11.312986,78005296225
Cuba,2012,11303172.0,127055.0,93193.0,787,9.29941,80357078126
Cuba,2013,11298163.0,126047.0,96212.0,780,10.430995,82564971264
Cuba,2014,11285780.0,122707.0,100267.0,770,12.141219,83429902609
Cuba,2015,11275069.0,123326.0,102859.0,777,12.814043,87132800000
Cuba,2016,11265615.0,116026.0,106348.0,757,12.217696,87579654548
Cuba,2017,11247824.0,113772.0,111464.0,757,11.472015,89164663941
Cuba,2018,11227116.0,114199.0,110763.0,778,11.018425,91169039692
Cuba,2019,11202847.0,108309.0,112552.0,707,11.0850115,91020354637
Cuba,2020,11176349.0,103465.0,116269.0,638,12.48642,81054139247
Cuba,2021,11122169.0,98036.0,169657.0,870,13.787466,82070953176
Cuba,2022,11059822.0,95802.0,113753.0,595,11.787735,83527427215
Cyprus,2000,947667.0,11839.0,6273.0,79,5.3080006,15534979508
Cyprus,2001,964129.0,11613.0,6302.0,72,5.3394046,16149009295
Cyprus,2002,981443.0,11396.0,6179.0,67,5.6156597,16750232860
Cyprus,2003,999600.0,11746.0,6267.0,64,5.635688,17189641655
Cyprus,2004,1017875.0,12106.0,6399.0,60,5.4055815,18053639846
Cyprus,2005,1036156.0,12126.0,6478.0,57,5.4358096,18929780754
Cyprus,2006,1054424.0,12677.0,6509.0,55,5.463575,19822089652
Cyprus,2007,1072727.0,12479.0,6492.0,51,5.3574486,20832664609
Cyprus,2008,1091029.0,13078.0,6646.0,50,6.0143085,21592429642
Cyprus,2009,1109377.0,13390.0,6570.0,47,6.4653153,21157324471
Cyprus,2010,1127826.0,13358.0,6634.0,45,6.5005574,21640276581
Cyprus,2011,1146493.0,13006.0,6742.0,43,6.431391,21730454182
Cyprus,2012,1165403.0,13529.0,6804.0,43,6.536388,20981322522
Cyprus,2013,1183899.0,13055.0,6947.0,41,6.9277453,19599182619
Cyprus,2014,1201806.0,13390.0,7203.0,41,6.9313726,19251089636
Cyprus,2015,1219504.0,13710.0,7378.0,42,6.793822,19909269064
Cyprus,2016,1237114.0,14234.0,7593.0,43,6.652547,21218022946
Cyprus,2017,1254274.0,13995.0,7921.0,43,6.6219254,22438235877
Cyprus,2018,1270743.0,14015.0,8112.0,45,6.7844625,23845486549
Cyprus,2019,1286669.0,14172.0,8498.0,46,6.9984317,25246550963
Cyprus,2020,1302250.0,14510.0,8683.0,48,8.6479645,24433452922
Cyprus,2021,1317311.0,14802.0,9501.0,51,8.874451,27218270154
Cyprus,2022,1331376.0,14710.0,10246.0,75,8.272014,29596751443
Czechia,2000,10236809.0,90473.0,109158.0,475,5.6691694,128638858401
Czechia,2001,10231942.0,90693.0,107906.0,453,5.834793,132391536300
Czechia,2002,10239474.0,92714.0,108277.0,488,6.1465626,134395228572
Czechia,2003,10248907.0,93762.0,111399.0,457,6.501684,138831395778
Czechia,2004,10261453.0,97916.0,107234.0,449,6.333084,145406922288
Czechia,2005,10280155.0,102469.0,107980.0,421,6.3352904,154676655549
Czechia,2006,10304592.0,106419.0,104492.0,435,6.1649,164921158024
Czechia,2007,10337539.0,114489.0,104655.0,452,5.990291,173973393346
Czechia,2008,10378298.0,118839.0,104875.0,409,6.3385525,178518044754
Czechia,2009,10420985.0,117739.0,107391.0,412,7.2650013,169952170270
Czechia,2010,10464035.0,116320.0,106763.0,393,7.478368,174565802522
Czechia,2011,10495508.0,108487.0,106869.0,363,7.4728146,177659773382
Czechia,2012,10507339.0,108000.0,108160.0,353,7.5397496,176290606021
Czechia,2013,10511164.0,106266.0,109226.0,328,7.4483128,176216894659
Czechia,2014,10517223.0,109036.0,105696.0,328,7.539196,180173337874
Czechia,2015,10524418.0,110923.0,111230.0,334,7.2934675,189107698561
Czechia,2016,10531946.0,112635.0,107770.0,391,7.322586,193988322685
Czechia,2017,10541343.0,114314.0,111614.0,372,7.2419066,204024435232
Czechia,2018,10548934.0,113821.0,112928.0,361,7.371736,209798950825
Czechia,2019,10554872.0,112029.0,112451.0,348,7.4875436,217279912681
Czechia,2020,10550129.0,110250.0,129212.0,309,8.969958,205753475017
Czechia,2021,10530683.0,111795.0,140176.0,298,9.154207,214043320221
Czechia,2022,10673216.0,96941.0,117353.0,295,8.470631,220137498830
Democratic Republic of Congo,2000,50507445.0,2287896.0,738369.0,349768,1.4659474,17148631280
Democratic Republic of Congo,2001,52132646.0,2344778.0,749769.0,349566,2.6231098,16788480352
Democratic Republic of Congo,2002,53750529.0,2395052.0,763459.0,348341,2.5701294,17283365331
Democratic Republic of Congo,2003,55343873.0,2443727.0,764538.0,344842,3.7335334,18247400739
Democratic Republic of Congo,2004,56997740.0,2495424.0,764413.0,340832,4.335642,19476978833
Democratic Republic of Congo,2005,58775726.0,2570127.0,769817.0,338124,3.9855824,20671920925
Democratic Republic of Congo,2006,60615909.0,2665465.0,776055.0,336652,4.0621066,21728037858
Democratic Republic of Congo,2007,62477753.0,2746572.0,782823.0,335167,3.8938496,23593025525
Democratic Republic of Congo,2008,64390658.0,2833867.0,789708.0,334016,4.312548,25346774324
Democratic Republic of Congo,2009,66412038.0,2924268.0,797321.0,332430,4.5113316,25484044900
Democratic Republic of Congo,2010,68563038.0,3011258.0,799042.0,330395,3.7222428,27680432461
Democratic Republic of Congo,2011,70849311.0,3115991.0,805373.0,329332,3.1943555,27568834900
Democratic Republic of Congo,2012,73254623.0,3219513.0,814058.0,328637,3.2215035,29958665159
Democratic Republic of Congo,2013,75789397.0,3311232.0,821887.0,327141,3.3405752,35206198726
Democratic Republic of Congo,2014,78403248.0,3410957.0,830675.0,326118,3.7252061,37777053057
Democratic Republic of Congo,2015,81035532.0,3503691.0,838654.0,324595,3.7478545,40179574490
Democratic Republic of Congo,2016,83956416.0,3599622.0,845927.0,322955,4.2002783,40337814832
Democratic Republic of Congo,2017,87083400.0,3742518.0,859293.0,323318,4.000578,42048626459
Democratic Republic of Congo,2018,90047647.0,3861913.0,868698.0,322548,3.2412717,44601688163
Democratic Republic of Congo,2019,92947450.0,3954796.0,879236.0,322058,3.508039,44849398935
Democratic Republic of Congo,2020,95990000.0,4049813.0,893708.0,317765,3.9769444,45197173728
Democratic Republic of Congo,2021,99148930.0,4158030.0,929997.0,315853,3.8672798,48103175756
Democratic Republic of Congo,2022,102396974.0,4262077.0,914408.0,313252,3.9417696,52582143957
Denmark,2000,5339659.0,66726.0,57911.0,413,8.110062,263066798869
Denmark,2001,5358825.0,65232.0,58337.0,384,8.4437065,265566018286
Denmark,2002,5375967.0,64086.0,58535.0,349,8.695062,266778406880
Denmark,2003,5390621.0,64479.0,57553.0,353,8.890374,267955142440
Denmark,2004,5404594.0,64414.0,55773.0,341,8.985515,275394519880
Denmark,2005,5419550.0,64094.0,54868.0,327,9.0671625,281892753289
Denmark,2006,5437425.0,64609.0,55489.0,289,9.152579,292651155542
Denmark,2007,5461604.0,63750.0,55549.0,305,9.3021555,295540131122
Denmark,2008,5493762.0,64435.0,54651.0,302,9.467979,294307201413
Denmark,2009,5523169.0,62612.0,54904.0,232,10.628732,279666951317
Denmark,2010,5547865.0,62763.0,54178.0,246,10.596218,284093791186
Denmark,2011,5570848.0,58926.0,52568.0,241,10.397585,287817703286
Denmark,2012,5591911.0,57591.0,52183.0,231,10.533446,287802068160
Denmark,2013,5615333.0,55718.0,52536.0,232,10.29779,291810211099
Denmark,2014,5643795.0,56567.0,51433.0,260,10.313887,295539545106
Denmark,2015,5683698.0,57806.0,52656.0,236,10.375455,301758922337
Denmark,2016,5728196.0,60927.0,52765.0,228,10.282293,311032111297
Denmark,2017,5765164.0,61052.0,53223.0,263,10.113799,320538736986
Denmark,2018,5793824.0,61189.0,55174.0,250,10.141632,326500781502
Denmark,2019,5814618.0,61068.0,53899.0,207,10.184688,332088518944
Denmark,2020,5831529.0,60993.0,54684.0,214,10.692376,326176991232
Denmark,2021,5856774.0,63475.0,57041.0,234,10.655759,347379325644
Denmark,2022,5902901.0,58095.0,59397.0,213,9.474113,348921108389
Djibouti,2013,984833.0,24218.0,8229.0,1685,2.9178212,2107658964
Djibouti,2014,1002720.0,24160.0,8307.0,1633,2.959301,2259262606
Djibouti,2015,1020316.0,24045.0,8326.0,1573,3.347577,2424391785
Djibouti,2016,1037660.0,23929.0,8311.0,1518,2.7416613,2597091693
Djibouti,2017,1054844.0,23948.0,8359.0,1468,2.4797637,2738843335
Djibouti,2018,1071886.0,23917.0,8392.0,1420,2.530864,2869605010
Djibouti,2019,1088710.0,23857.0,8487.0,1375,2.4134784,3028726927
Djibouti,2020,1105193.0,23847.0,8880.0,1327,2.3386123,3065135713
Djibouti,2021,1121251.0,23892.0,9336.0,1281,2.871281,3200221046
Djibouti,2022,1137101.0,23915.0,8581.0,1240,2.5255454,3365561651
Dominica,2000,68527.0,1228.0,665.0,22,5.323744,471328095
Dominica,2001,68299.0,1230.0,671.0,22,4.6450186,471027183
Dominica,2002,68385.0,1107.0,675.0,21,4.6531105,456484593
Dominica,2003,68552.0,1069.0,679.0,21,4.846179,482983317
Dominica,2004,68664.0,1046.0,685.0,21,4.7452016,502775184
Dominica,2005,68750.0,1032.0,690.0,21,4.977725,507377017
Dominica,2006,68823.0,1070.0,701.0,22,4.780922,529705537
Dominica,2007,68862.0,1041.0,718.0,22,4.7910995,558086829
Dominica,2008,68866.0,1010.0,734.0,22,5.049688,597829935
Dominica,2009,68879.0,981.0,757.0,22,4.983293,591040072
Dominica,2010,68872.0,963.0,787.0,22,5.1571193,590415870
Dominica,2011,69073.0,947.0,820.0,22,5.3345037,590668207
Dominica,2012,69138.0,959.0,787.0,23,5.7950993,589738544
Dominica,2013,69733.0,927.0,809.0,23,5.3474984,589765106
Dominica,2014,70387.0,963.0,701.0,24,5.261417,603537403
Dominica,2015,70429.0,923.0,769.0,30,5.159418,583177777
Dominica,2016,69627.0,899.0,718.0,24,5.1230807,591617792
Dominica,2017,68514.0,809.0,939.0,34,5.4624543,546983994
Dominica,2018,68195.0,793.0,846.0,23,6.18496,563196657
Dominica,2019,67901.0,781.0,849.0,23,5.1690392,585432211
Dominica,2020,67588.0,771.0,854.0,23,6.0680614,493481872
Dominica,2021,67222.0,756.0,960.0,23,6.311425,520030399
Dominica,2022,66847.0,745.0,855.0,23,5.97262,574096959
Dominican Republic,2000,8584196.0,219389.0,47700.0,9241,4.884275,35393522990
Dominican Republic,2001,8720287.0,218606.0,48418.0,8954,4.881833,36267520113
Dominican Republic,2002,8852231.0,215858.0,49115.0,8585,4.9864902,37894663734
Dominican Republic,2003,8980626.0,213179.0,49920.0,8253,4.3888826,37383329266
Dominican Republic,2004,9104889.0,210347.0,51557.0,8230,4.287739,38349900170
Dominican Republic,2005,9225035.0,207235.0,51824.0,7646,4.353912,41966981958
Dominican Republic,2006,9341187.0,204201.0,53069.0,7435,3.9936543,45815860539
Dominican Republic,2007,9455663.0,206408.0,54341.0,7433,4.089353,49214666985
Dominican Republic,2008,9573135.0,211761.0,55093.0,7431,4.56442,50823044977
Dominican Republic,2009,9695270.0,216627.0,55737.0,7537,4.7670617,51333030311
Dominican Republic,2010,9820180.0,217689.0,55607.0,7568,4.9289675,55645592832
Dominican Republic,2011,9945623.0,217516.0,55425.0,7668,5.0450664,57421779163
Dominican Republic,2012,10070409.0,216738.0,55826.0,7598,5.058973,59015618840
Dominican Republic,2013,10193838.0,215900.0,56564.0,7564,4.9259424,61927882062
Dominican Republic,2014,10315523.0,215022.0,57757.0,7525,4.809429,66331713896
Dominican Republic,2015,10434826.0,214311.0,60058.0,7491,4.735346,70966782572
Dominican Republic,2016,10551430.0,213553.0,62004.0,7455,4.585824,75735566406
Dominican Republic,2017,10666846.0,213428.0,61866.0,7395,4.4456267,78714898894
Dominican Republic,2018,10782048.0,214001.0,63149.0,7348,4.217655,84301701754
Dominican Republic,2019,10894043.0,211667.0,66804.0,7214,4.3680887,88427452425
Dominican Republic,2020,11008298.0,208680.0,71258.0,7015,4.964903,81415993438
Dominican Republic,2021,11123480.0,206574.0,77714.0,6828,5.0884,92824351636
Dominican Republic,2022,11230734.0,205012.0,66253.0,6641,4.645068,97686450823
East Timor,2003,916876.0,35176.0,8275.0,3342,2.8418703,884166144
East Timor,2004,929081.0,34865.0,8106.0,3181,4.2610354,887702844
East Timor,2005,948310.0,34363.0,7951.0,3013,5.2804475,914197042
East Timor,2006,976610.0,34240.0,8023.0,2888,6.00192,876567844
East Timor,2007,1004898.0,34212.0,8136.0,2772,5.6479325,966550939
East Timor,2008,1032431.0,34170.0,8279.0,2658,6.9656396,1076687532
East Timor,2009,1058783.0,34145.0,8447.0,2540,7.309318,1185938525
East Timor,2010,1084688.0,34155.0,8642.0,2429,6.470588,1296604318
East Timor,2011,1110212.0,34060.0,8828.0,2351,6.8654146,1373863213
East Timor,2012,1134891.0,33813.0,8923.0,2265,6.992152,1440641509
East Timor,2013,1158697.0,33558.0,9019.0,2174,8.532378,1485364306
East Timor,2014,1181913.0,33159.0,9121.0,2081,7.5995855,1551797202
East Timor,2015,1205133.0,32611.0,9224.0,1992,7.691467,1590282400
East Timor,2016,1228314.0,32120.0,9347.0,1920,6.9425073,1638148796
East Timor,2017,1251711.0,31606.0,9461.0,1845,6.804423,1586016100
East Timor,2018,1275962.0,31236.0,9592.0,1777,6.402274,1578617300
East Timor,2019,1300946.0,31034.0,9727.0,1723,4.992188,1960846076
East Timor,2020,1326051.0,30966.0,9801.0,1666,7.26445,2582939037
East Timor,2021,1350142.0,30689.0,10588.0,1606,4.9192977,2721637728
East Timor,2022,1369299.0,30704.0,10087.0,1526,7.4637184,2163090163
Ecuador,2000,12689215.0,325418.0,65573.0,9688,3.5736797,50165491738
Ecuador,2001,12910736.0,324599.0,65231.0,9170,4.0636554,52275588700
Ecuador,2002,13138473.0,323935.0,64479.0,8704,4.8140483,54851779632
Ecuador,2003,13372304.0,323349.0,64413.0,8272,5.792324,56433979416
Ecuador,2004,13608700.0,322931.0,65504.0,7897,5.881522,60289773139
Ecuador,2005,13846162.0,322850.0,67554.0,7560,5.859049,63544590361
Ecuador,2006,14086138.0,323530.0,69347.0,7265,5.9361777,66303144898
Ecuador,2007,14328783.0,323895.0,70474.0,6963,5.5572248,67564514887
Ecuador,2008,14575201.0,327954.0,70070.0,6758,5.521749,72000071699
Ecuador,2009,14825960.0,332509.0,71613.0,6527,6.0338845,72785601820
Ecuador,2010,15076697.0,329979.0,72574.0,6234,6.349257,75718234074
Ecuador,2011,15326232.0,333805.0,75643.0,6016,6.605097,82140258351
Ecuador,2012,15572195.0,326145.0,76322.0,5692,6.878598,86890603905
Ecuador,2013,15807132.0,310704.0,76600.0,5252,6.778664,93156490881
Ecuador,2014,16035127.0,303002.0,77206.0,4918,6.7660184,97093344927
Ecuador,2015,16266229.0,298607.0,79195.0,4660,7.7678604,97209558000
Ecuador,2016,16505142.0,290846.0,82610.0,4473,7.588175,96540800718
Ecuador,2017,16759515.0,296263.0,84905.0,4259,7.5248413,102304671535
Ecuador,2018,17049542.0,298755.0,79255.0,4143,7.833647,103373033702
Ecuador,2019,17340017.0,293458.0,82414.0,3968,7.8087845,103544017315
Ecuador,2020,17546058.0,287589.0,131143.0,3768,8.606084,93971273313
Ecuador,2021,17682454.0,280840.0,125687.0,3569,8.375262,102825145845
Ecuador,2022,17823900.0,274903.0,95581.0,3382,7.601839,108859360917
Egypt,2000,73083287.0,2001867.0,461788.0,93461,4.922443,179683172290
Egypt,2001,74652035.0,2034454.0,465475.0,89323,5.4003034,186035425185
Egypt,2002,76239140.0,2064224.0,470750.0,85654,5.510738,190482051409
Egypt,2003,77853548.0,2091590.0,477304.0,82269,5.2242527,196565009504
Egypt,2004,79477441.0,2111602.0,484912.0,79045,4.8573236,204608590453
Egypt,2005,81101012.0,2154522.0,493921.0,76651,4.9222918,213758163784
Egypt,2006,82700404.0,2196664.0,503294.0,74505,4.841901,228387426639
Egypt,2007,84276224.0,2262766.0,513415.0,73071,4.4449325,244575133304
Egypt,2008,85864791.0,2316318.0,523309.0,71577,4.466348,262077623378
Egypt,2009,87501635.0,2380803.0,532741.0,70312,4.3787093,274326082660
Egypt,2010,89196073.0,2452077.0,541987.0,69285,4.1531916,288446290410
Egypt,2011,91093066.0,2502876.0,551057.0,68041,4.3570757,293536132736
Egypt,2012,93161000.0,2619435.0,558907.0,67663,4.458918,300070833530
Egypt,2013,95333551.0,2725683.0,568793.0,67797,4.6710043,306628779734
Egypt,2014,97528655.0,2769134.0,573333.0,66218,4.774153,315569804751
Egypt,2015,99597334.0,2807083.0,579420.0,64887,5.061532,329366576819
Egypt,2016,101644583.0,2711820.0,580088.0,61143,5.074624,343682967577
Egypt,2017,103696055.0,2706428.0,583607.0,58739,5.346619,358053111989
Egypt,2018,105682092.0,2493224.0,584761.0,53250,4.74893,377141312302
Egypt,2019,107553159.0,2394940.0,589117.0,49344,4.599467,398080548970
Egypt,2020,109315118.0,2405407.0,700366.0,47164,4.1538463,412213064650
Egypt,2021,110957005.0,2347231.0,780671.0,44457,4.6095514,425777537422
Egypt,2022,112618252.0,2375206.0,639135.0,43138,4.723628,453827104224
El Salvador,2000,5943363.0,161255.0,38936.0,5274,7.843428,17621447036
El Salvador,2001,5968058.0,154131.0,39814.0,4885,7.886049,17776447691
El Salvador,2002,5986629.0,146110.0,39975.0,4316,7.8856573,18056056716
El Salvador,2003,5998597.0,138834.0,40985.0,3955,7.771823,18338704970
El Salvador,2004,6004673.0,132491.0,41589.0,3525,8.130217,18501810234
El Salvador,2005,6005583.0,128358.0,43474.0,3261,9.200579,18997812331
El Salvador,2006,6002321.0,125881.0,44996.0,2979,8.693389,19821747186
El Salvador,2007,6009820.0,123595.0,46825.0,2770,8.478363,20187974224
El Salvador,2008,6029302.0,120858.0,45749.0,2596,8.495859,20622904543
El Salvador,2009,6048284.0,119965.0,45057.0,2499,8.837497,20188015254
El Salvador,2010,6068253.0,119481.0,43789.0,2309,8.904162,20622904543
El Salvador,2011,6090128.0,119474.0,43290.0,2209,8.876454,21407994006
El Salvador,2012,6113977.0,118547.0,43056.0,2080,8.606254,22012261122
El Salvador,2013,6138845.0,117772.0,43906.0,1975,9.05236,22504372601
El Salvador,2014,6162952.0,117183.0,44607.0,1883,8.598942,22888906230
El Salvador,2015,6183675.0,114888.0,45622.0,1780,8.758332,23438240000
El Salvador,2016,6200808.0,109938.0,46192.0,1647,8.714563,24033351541
El Salvador,2017,6213538.0,106386.0,46568.0,1537,8.422869,24573529736
El Salvador,2018,6219803.0,103765.0,46254.0,1441,8.322752,25166352435
El Salvador,2019,6222316.0,103104.0,46288.0,1373,8.808461,25779775126
El Salvador,2020,6234679.0,101646.0,53398.0,1313,8.951051,23744951345
El Salvador,2021,6255780.0,101029.0,54501.0,1244,10.12669,26571731219
El Salvador,2022,6280316.0,99985.0,46842.0,1199,9.820363,27356820681
Equatorial Guinea,2000,703287.0,28690.0,9555.0,4321,1.222602,2699948863
Equatorial Guinea,2001,749836.0,30313.0,9939.0,4424,1.325593,4411173089
Equatorial Guinea,2002,797968.0,32057.0,10311.0,4517,2.8873007,5269712387
Equatorial Guinea,2003,847867.0,33907.0,10735.0,4615,1.9718534,6005113941
Equatorial Guinea,2004,899924.0,35845.0,11182.0,4714,1.584636,8286980786
Equatorial Guinea,2005,947370.0,37814.0,11700.0,4832,1.4204873,9674942387
Equatorial Guinea,2006,990349.0,39298.0,11893.0,4857,1.4121786,10420388726
Equatorial Guinea,2007,1036053.0,40807.0,12138.0,4878,1.4208068,12012844402
Equatorial Guinea,2008,1084538.0,42302.0,12359.0,4890,1.2333322,14151023687
Equatorial Guinea,2009,1135683.0,43778.0,12596.0,4896,1.8738989,14341122354
Equatorial Guinea,2010,1189097.0,45207.0,12836.0,4891,1.7336366,13061295371
Equatorial Guinea,2011,1241843.0,46562.0,13065.0,4872,1.5430961,13913404306
Equatorial Guinea,2012,1293485.0,47565.0,13213.0,4830,1.6229031,15070007775
Equatorial Guinea,2013,1346220.0,48510.0,13351.0,4768,1.7562275,14447134439
Equatorial Guinea,2014,1399829.0,49389.0,13500.0,4703,1.868559,14507099626
Equatorial Guinea,2015,1453925.0,50205.0,13657.0,4625,2.4569342,13185496881
Equatorial Guinea,2016,1508192.0,50965.0,13786.0,4541,2.9717748,12023008461
Equatorial Guinea,2017,1562401.0,51669.0,13924.0,4451,2.8612163,11341603434
Equatorial Guinea,2018,1616425.0,52372.0,14039.0,4363,2.9221482,10634279338
Equatorial Guinea,2019,1670184.0,53083.0,14186.0,4269,3.2794883,10051326714
Equatorial Guinea,2020,1716479.0,53813.0,14815.0,4182,3.7056072,9569759527
Equatorial Guinea,2021,1758796.0,54000.0,14844.0,4066,3.5103004,9652085293
Equatorial Guinea,2022,1803549.0,54328.0,14460.0,3958,2.8372636,9963221065
Eritrea,2000,2247036.0,85318.0,25041.0,7764,5.7667007,1899038769
Eritrea,2001,2312083.0,84051.0,22878.0,6897,5.919317,2065307884
Eritrea,2002,2392981.0,88733.0,23297.0,6751,6.6885743,2127379250
Eritrea,2003,2493906.0,89516.0,23227.0,6518,7.3370337,2070886355
Eritrea,2004,2598288.0,96136.0,23992.0,6565,7.009849,2100950149
Eritrea,2005,2661215.0,96786.0,23854.0,6422,6.864176,2155038051
Eritrea,2006,2703501.0,97810.0,23343.0,6205,6.8572745,2134151053
Eritrea,2007,2743226.0,95916.0,22811.0,5936,5.2786293,2164601595
Eritrea,2008,2816331.0,96139.0,22750.0,5778,6.5780754,1952837971
Eritrea,2009,2887887.0,98804.0,22597.0,5619,5.423432,2028539764
Eritrea,2010,2945184.0,98525.0,22427.0,5419,4.818665,2073049788
Eritrea,2011,2998493.0,99045.0,22238.0,5246,5.16229,2252986366
Estonia,2000,1397001.0,13011.0,18409.0,142,5.170291,13979307068
Estonia,2001,1388174.0,12652.0,18532.0,138,4.783992,14801394595
Estonia,2002,1379438.0,12973.0,18381.0,98,4.7019267,15827575405
Estonia,2003,1370849.0,13049.0,18207.0,117,5.137489,17029885802
Estonia,2004,1362682.0,13953.0,17760.0,108,5.3364105,18188037434
Estonia,2005,1354847.0,14372.0,17327.0,103,5.2943463,19920094036
Estonia,2006,1346885.0,14923.0,17333.0,86,4.973087,21864807422
Estonia,2007,1340709.0,15787.0,17431.0,99,5.184294,23520174236
Estonia,2008,1337078.0,16043.0,16684.0,96,5.956941,22314692031
Estonia,2009,1334528.0,15796.0,16123.0,71,6.844438,19050002927
Estonia,2010,1331450.0,15822.0,15777.0,76,6.594042,19516680413
Estonia,2011,1327366.0,14750.0,15245.0,46,6.0547166,21001309333
Estonia,2012,1322615.0,14097.0,15448.0,65,6.037821,21772481344
Estonia,2013,1317920.0,13585.0,15249.0,45,6.197885,22154913628
Estonia,2014,1314457.0,13599.0,15508.0,52,6.2628613,22891074856
Estonia,2015,1314580.0,13819.0,15259.0,48,6.5213866,23311847750
Estonia,2016,1315850.0,14027.0,15388.0,39,6.569186,24032887679
Estonia,2017,1317430.0,13804.0,15567.0,43,6.466361,25387062190
Estonia,2018,1321972.0,14309.0,15756.0,37,6.563144,26326306710
Estonia,2019,1326822.0,14079.0,15399.0,32,6.6476355,27307395871
Estonia,2020,1329675.0,13235.0,15308.0,28,7.4717937,26519903136
Estonia,2021,1331750.0,13118.0,17632.0,39,7.4759107,28709089435
Estonia,2022,1350093.0,11481.0,17078.0,31,6.9364142,28357067289
Eswatini,2000,1041428.0,33940.0,15112.0,3753,4.6095176,2367182799
Eswatini,2001,1051066.0,34097.0,16273.0,3906,5.1389537,2400612484
Eswatini,2002,1059456.0,34164.0,17245.0,3946,5.522983,2498765077
Eswatini,2003,1066706.0,34489.0,18098.0,3979,6.378644,2612175410
Eswatini,2004,1073170.0,34939.0,18958.0,3979,6.814325,2706660911
Eswatini,2005,1079022.0,35106.0,19158.0,3920,7.3762336,2868851690
Eswatini,2006,1084442.0,34954.0,18822.0,3796,7.8256006,3061891254
Eswatini,2007,1090713.0,35081.0,18488.0,3638,7.9300413,3194095189
Eswatini,2008,1098098.0,35446.0,18173.0,3465,8.857929,3240107842
Eswatini,2009,1105158.0,35242.0,17582.0,3213,8.632922,3286542195
Eswatini,2010,1111651.0,34313.0,16657.0,2913,8.591257,3412233861
Eswatini,2011,1117845.0,33985.0,16337.0,2659,8.469973,3475009965
Eswatini,2012,1123870.0,33662.0,15358.0,2444,7.820476,3617154618
Eswatini,2013,1130000.0,33500.0,14597.0,2281,7.457034,3765262097
Eswatini,2014,1136305.0,32975.0,13867.0,2158,7.2559657,3842727914
Eswatini,2015,1142822.0,32350.0,13126.0,2038,7.0585527,3908217914
Eswatini,2016,1149516.0,31753.0,12521.0,1950,6.820448,4023477834
Eswatini,2017,1158198.0,31186.0,11907.0,1863,6.981037,4165142616
Eswatini,2018,1168933.0,30873.0,11480.0,1794,7.3193774,4167866438
Eswatini,2019,1179885.0,30546.0,11059.0,1722,8.400338,4435938143
Eswatini,2020,1192734.0,30283.0,11382.0,1654,7.0983777,4304996589
Eswatini,2021,1206598.0,30113.0,12797.0,1599,7.4055214,4487365678
Eswatini,2022,1218921.0,29999.0,9874.0,1531,7.244913,4504690089
Ethiopia,2000,67411496.0,3073321.0,989649.0,422897,4.365047,16684709707
Ethiopia,2001,69487767.0,3126035.0,988227.0,410477,4.723167,18069758569
Ethiopia,2002,71635521.0,3170909.0,981215.0,397270,4.71263,18343465847
Ethiopia,2003,73832664.0,3199498.0,968216.0,382522,4.899709,17946997565
Ethiopia,2004,76077211.0,3249389.0,952416.0,367337,4.3128185,20382872320
Ethiopia,2005,78367476.0,3299599.0,946205.0,353696,4.100981,22791876293
Ethiopia,2006,80703495.0,3315760.0,922188.0,338535,4.457573,25261313883
Ethiopia,2007,83103218.0,3328656.0,891885.0,321598,5.001283,28155292189
Ethiopia,2008,85543670.0,3326467.0,861173.0,305019,4.2806387,31192831993
Ethiopia,2009,88007641.0,3303639.0,836528.0,288473,4.6496563,33938597623
Ethiopia,2010,90538518.0,3311116.0,813004.0,273041,5.4663725,38198074328
Ethiopia,2011,93149977.0,3322715.0,794916.0,259188,4.4689775,42467968231
Ethiopia,2012,95798771.0,3311138.0,777661.0,244894,4.5395956,46140518129
Ethiopia,2013,98438752.0,3311894.0,765886.0,232641,4.075065,51023232360
Ethiopia,2014,101115615.0,3378040.0,754413.0,223005,4.033655,56256936828
Ethiopia,2015,103867140.0,3461995.0,748488.0,215591,3.8231683,62103418181
Ethiopia,2016,106718163.0,3556850.0,746898.0,209893,3.6003375,67961933367
Ethiopia,2017,109666482.0,3643314.0,744213.0,204131,3.4533691,74461941569
Ethiopia,2018,112664157.0,3762273.0,747101.0,200749,3.3037176,79537377550
Ethiopia,2019,115737384.0,3882927.0,750136.0,197923,3.2428713,86189951997
Ethiopia,2020,118917670.0,3961198.0,761473.0,194814,3.4809628,91412658764
Ethiopia,2021,122138588.0,4015397.0,810770.0,190762,3.2077997,96569731966
Ethiopia,2022,125384285.0,4064120.0,763985.0,186144,2.852981,101708941223
Fiji,2000,840913.0,20457.0,5731.0,470,3.4244118,3330747237
Fiji,2001,849606.0,20621.0,5900.0,468,2.905473,3397362190
Fiji,2002,858057.0,20884.0,6415.0,473,2.9834952,3506077734
Fiji,2003,866297.0,21021.0,6492.0,482,2.972982,3541138476
Fiji,2004,874369.0,21096.0,6573.0,488,3.2576854,3728818846
Fiji,2005,882384.0,21180.0,6679.0,487,3.2565668,3754920562
Fiji,2006,890370.0,21336.0,6782.0,492,3.347982,3824479849
Fiji,2007,897843.0,21293.0,6942.0,491,3.41515,3791946783
Fiji,2008,903403.0,21043.0,7045.0,482,3.1846712,3831109770
Fiji,2009,907248.0,20720.0,7175.0,474,3.5358763,3778009151
Fiji,2010,910427.0,20328.0,7099.0,455,3.4166412,3889636956
Fiji,2011,912991.0,19867.0,7208.0,438,3.142935,3994857171
Fiji,2012,914920.0,19747.0,8028.0,436,3.26555,4051237155
Fiji,2013,916359.0,19697.0,7723.0,423,3.2004068,4243031650
Fiji,2014,917589.0,19537.0,7856.0,422,3.3686047,4480790522
Fiji,2015,918585.0,19288.0,8074.0,423,3.3246894,4682479893
Fiji,2016,919167.0,18889.0,8078.0,438,3.279797,4796997058
Fiji,2017,918762.0,18401.0,7988.0,433,3.1868956,5053797788
Fiji,2018,917185.0,17977.0,8196.0,442,4.1057262,5246466296
Fiji,2019,914906.0,17590.0,8316.0,449,4.282293,5215934664
Fiji,2020,914971.0,17227.0,8495.0,458,5.289874,4319652692
Fiji,2021,916718.0,17005.0,10225.0,465,7.060847,4131922227
Fiji,2022,919428.0,16772.0,8548.0,471,4.0175295,4865137073
Finland,2000,5176197.0,56622.0,49359.0,250,7.0954437,196036503503
Finland,2001,5187970.0,56012.0,48474.0,216,7.2516565,201212380923
Finland,2002,5200548.0,55506.0,49397.0,206,7.630059,204607490634
Finland,2003,5212958.0,56467.0,48935.0,223,7.9398828,208723783982
Finland,2004,5228147.0,57509.0,47539.0,238,8.059992,217083963685
Finland,2005,5246078.0,57577.0,47892.0,240,8.289013,223113056548
Finland,2006,5266248.0,58580.0,48011.0,195,8.285843,232081249320
Finland,2007,5288715.0,58547.0,49037.0,206,8.084156,244411266035
Finland,2008,5313379.0,59278.0,49104.0,198,8.343622,246328504349
Finland,2009,5338854.0,60151.0,49871.0,189,9.161828,226434937568
Finland,2010,5363347.0,60608.0,50861.0,176,9.141833,233609048324
Finland,2011,5388236.0,59735.0,50578.0,179,9.239036,239193226293
Finland,2012,5413978.0,59183.0,51570.0,179,9.617321,235550695854
Finland,2013,5439057.0,57898.0,51422.0,135,9.84505,233242909052
Finland,2014,5461686.0,56935.0,52237.0,154,9.830662,232127848351
Finland,2015,5479719.0,55202.0,52403.0,118,9.699983,233210733506
Finland,2016,5495468.0,52612.0,53889.0,121,9.456256,239208760000
Finland,2017,5508398.0,50135.0,53683.0,133,9.191484,247110710501
Finland,2018,5515730.0,47488.0,54438.0,128,9.10587,250058685918
Finland,2019,5521754.0,45598.0,54091.0,118,9.222952,253433824168
Finland,2020,5529616.0,46440.0,55418.0,110,9.699772,247120696232
Finland,2021,5541069.0,49488.0,57578.0,108,9.909698,253734502126
Finland,2022,5569300.0,44707.0,63005.0,136,9.741526,255670602724
France,2000,59483716.0,781114.0,533651.0,4297,9.61744,2025858476151
France,2001,59905131.0,777770.0,533530.0,4312,9.757193,2064338989612
France,2002,60327247.0,767569.0,538419.0,3907,10.082501,2086380974762
France,2003,60741119.0,766772.0,555159.0,3874,10.134749,2106573536968
France,2004,61175244.0,773113.0,512739.0,3739,10.211703,2166995343501
France,2005,61625031.0,778088.0,530938.0,3454,10.2372055,2207920477337
France,2006,62049831.0,799529.0,520988.0,3636,10.39765,2267844862926
France,2007,62432438.0,788147.0,525959.0,3483,10.334188,2325232266328
France,2008,62780187.0,799073.0,537248.0,3565,10.513407,2334072135222
France,2009,63106460.0,797096.0,543934.0,3576,11.290955,2268145064848
France,2010,63417366.0,804924.0,546963.0,3401,11.224308,2313515332182
France,2011,63733776.0,793347.0,541294.0,3174,11.17601,2369909039106
France,2012,64058465.0,789607.0,565755.0,3265,11.337495,2374265767668
France,2013,64387736.0,781055.0,565959.0,3332,11.378912,2392826743357
France,2014,64692495.0,780384.0,554615.0,3191,11.579354,2416703156974
France,2015,64916337.0,760246.0,590330.0,3258,11.50033,2442483452642
France,2016,65086853.0,744662.0,588731.0,3144,11.57036,2463489569347
France,2017,65284775.0,724569.0,603186.0,3205,11.449446,2514819204088
France,2018,65519537.0,717219.0,604984.0,3181,11.308476,2556210832760
France,2019,65729460.0,711582.0,608888.0,3129,11.170583,2608036638906
France,2020,65905273.0,695934.0,664553.0,2809,12.129494,2413981867676
France,2021,66083547.0,702274.0,654168.0,2987,12.248942,2580120255051
France,2022,66277412.0,687577.0,658801.0,3078,11.828888,2650215998256
Gabon,2000,1275578.0,42641.0,12432.0,3474,2.904711,9689372094
Gabon,2001,1309594.0,43515.0,12578.0,3482,3.151982,9896262806
Gabon,2002,1345142.0,44492.0,12718.0,3487,3.329707,9871617829
Gabon,2003,1382354.0,45437.0,12801.0,3466,3.5364847,10093465659
Gabon,2004,1421620.0,46555.0,12934.0,3453,3.364986,10163064451
Gabon,2005,1463503.0,47830.0,13066.0,3439,2.9217517,10435048720
Gabon,2006,1508338.0,49190.0,13201.0,3423,3.1462393,10142180902
Gabon,2007,1556242.0,50710.0,13310.0,3407,3.0834198,10751534086
Gabon,2008,1607182.0,52422.0,13421.0,3390,2.8476067,10395827037
Gabon,2009,1661567.0,54613.0,13575.0,3390,3.7807667,10409376035
Gabon,2010,1719883.0,56810.0,13747.0,3396,2.475569,11147389066
Gabon,2011,1781987.0,58825.0,13903.0,3387,2.5577157,11937934403
Gabon,2012,1846893.0,60005.0,14066.0,3342,2.4209757,12564804521
Gabon,2013,1913061.0,61063.0,14232.0,3270,2.840872,13273296028
Gabon,2014,1978400.0,62091.0,14387.0,3181,2.5328226,13846034032
Gabon,2015,2040990.0,63444.0,14567.0,3099,2.6574395,14383107762
Gabon,2016,2100310.0,65074.0,14753.0,3031,3.1076982,14683922149
Gabon,2017,2156902.0,66377.0,14923.0,2965,2.7806888,14753324537
Gabon,2018,2212320.0,67558.0,15086.0,2917,2.752351,14876945089
Gabon,2019,2267711.0,68362.0,15174.0,2868,2.7683704,15460241661
Gabon,2020,2322538.0,68609.0,15865.0,2807,3.440127,15176119359
Gabon,2021,2376729.0,68779.0,16168.0,2729,2.7925413,15398898313
Gabon,2022,2430750.0,68791.0,15849.0,2648,2.8908718,15866657481
Gambia,2000,1455095.0,59739.0,16487.0,6645,10.785328,960226283
Gambia,2001,1495023.0,60574.0,16419.0,6448,8.299257,1015919410
Gambia,2002,1535700.0,61469.0,16309.0,6262,6.2326026,982902027
Gambia,2003,1577619.0,62676.0,16200.0,6095,5.2970905,1050427393
Gambia,2004,1621309.0,64380.0,16098.0,5962,5.4200015,1124482524
Gambia,2005,1667035.0,66158.0,16149.0,5866,5.386024,1098037738
Gambia,2006,1715285.0,68412.0,16077.0,5758,5.437208,1091937250
Gambia,2007,1765778.0,69813.0,16162.0,5648,4.9550195,1125167625
Gambia,2008,1817859.0,71170.0,16139.0,5525,4.6593876,1195557048
Gambia,2009,1871428.0,72876.0,16297.0,5437,4.4643064,1275249585
Gambia,2010,1926634.0,74892.0,16339.0,5340,4.1194406,1350595613
Gambia,2011,1983785.0,76987.0,16415.0,5249,4.3696737,1240786190
Gambia,2012,2043097.0,79300.0,16554.0,5177,4.2687225,1305822857
Gambia,2013,2103825.0,80149.0,16638.0,5054,3.9137487,1343336129
Gambia,2014,2164535.0,79887.0,16703.0,4894,3.0523458,1324430251
Gambia,2015,2224530.0,79517.0,16691.0,4712,3.176129,1378176608
Gambia,2016,2283775.0,79003.0,16644.0,4519,3.1952372,1404959537
Gambia,2017,2342191.0,78349.0,16682.0,4331,3.3544927,1472715273
Gambia,2018,2399633.0,77566.0,16709.0,4130,3.1850123,1579264608
Gambia,2019,2456847.0,78424.0,16728.0,3989,3.1453493,1677527292
Gambia,2020,2515744.0,79308.0,17101.0,3863,4.0143695,1687449652
Gambia,2021,2576015.0,80297.0,18060.0,3760,3.7432148,1776141480
Gambia,2022,2636472.0,81126.0,17491.0,3660,3.5369773,1873704900
Georgia,2000,4328361.0,53896.0,48926.0,1951,7.194592,6365211520
Georgia,2001,4209641.0,51559.0,47949.0,1739,7.169509,6671206249
Georgia,2002,4127854.0,50385.0,48073.0,1563,7.8147426,7036389739
Georgia,2003,4085489.0,49565.0,47000.0,1405,8.029529,7814405534
Georgia,2004,4056076.0,49993.0,49700.0,1284,8.089108,8267069270
Georgia,2005,4026135.0,50581.0,48927.0,1175,8.077342,9059975319
Georgia,2006,3996584.0,51580.0,49367.0,1080,7.63208,9913559155
Georgia,2007,3967592.0,53922.0,50272.0,1015,7.4351783,11160245709
Georgia,2008,3941192.0,57925.0,49753.0,978,8.444241,11430503827
Georgia,2009,3918935.0,62464.0,49924.0,956,9.566816,11013204446
Georgia,2010,3895932.0,60923.0,50123.0,870,9.021237,11701134202
Georgia,2011,3868724.0,57981.0,48726.0,773,7.882243,12629541567
Georgia,2012,3839208.0,57037.0,48197.0,711,7.9516897,13460417765
Georgia,2013,3809128.0,57385.0,46990.0,671,8.005746,14151325572
Georgia,2014,3792921.0,61027.0,47682.0,668,8.294084,14730184213
Georgia,2015,3791570.0,60745.0,47404.0,646,8.659949,15223796148
Georgia,2016,3792061.0,59981.0,48448.0,619,9.072589,15749049874
Georgia,2017,3792860.0,56531.0,47998.0,578,8.701403,16561685511
Georgia,2018,3794881.0,54396.0,45833.0,547,7.755246,17565660917
Georgia,2019,3796722.0,51592.0,45872.0,514,7.312914,18510819818
Georgia,2020,3795680.0,49546.0,49205.0,486,9.2299185,17346401920
Georgia,2021,3788450.0,48797.0,58125.0,469,10.538355,19192793472
Georgia,2022,3794782.0,44065.0,46344.0,426,8.296343,21296041913
Germany,2000,81797255.0,765246.0,842094.0,4113,9.759304,2885963533943
Germany,2001,81933882.0,734433.0,831801.0,3920,9.781055,2933181986968
Germany,2002,82068328.0,719663.0,845078.0,3744,10.028965,2926486831428
Germany,2003,82111619.0,709346.0,858172.0,3670,10.222553,2910982263391
Germany,2004,82092706.0,710544.0,823277.0,3580,9.974663,2944810405337
Germany,2005,82046733.0,692239.0,834531.0,3301,10.106806,2970886268370
Germany,2006,81701971.0,686327.0,825844.0,3171,9.962369,3085761005285
Germany,2007,81298546.0,678771.0,832286.0,3206,9.834829,3174912263837
Germany,2008,81110780.0,676158.0,850069.0,2908,10.0318575,3203102383827
Germany,2009,80935276.0,660439.0,860708.0,2834,10.970031,3025504625850
Germany,2010,80830916.0,676779.0,861870.0,2860,10.831174,3150598283304
Germany,2011,80857877.0,668838.0,855247.0,2898,10.52107,3268996785218
Germany,2012,80916391.0,681427.0,872413.0,2680,10.593562,3284148978797
Germany,2013,81041581.0,679660.0,899824.0,2682,10.743213,3297186905208
Germany,2014,81376078.0,710760.0,876321.0,2710,10.768197,3369071713224
Germany,2015,82077546.0,732501.0,931621.0,2857,10.923177,3425099578746
Germany,2016,82760102.0,788207.0,916758.0,3211,10.971337,3501212900675
Germany,2017,83104010.0,784399.0,938508.0,2983,11.050911,3599173571724
Germany,2018,83368507.0,787696.0,961486.0,2994,11.183808,3640049243667
Germany,2019,83559184.0,778799.0,946647.0,2956,11.428054,3675639268112
Germany,2020,83628711.0,775194.0,990849.0,2783,12.467808,3523764998709
Germany,2021,83697080.0,795669.0,956995.0,2826,12.724033,3661544208117
Germany,2022,84086227.0,730553.0,1082759.0,2938,12.447083,3727790994177
Ghana,2000,19637085.0,704930.0,196200.0,67913,1.6634324,20074507180
Ghana,2001,20167073.0,718360.0,198969.0,67061,1.8686633,20877487493
Ghana,2002,20729392.0,730160.0,201526.0,65979,1.9469459,21816974338
Ghana,2003,21296710.0,740673.0,204021.0,64848,2.1493528,22951457033
Ghana,2004,21868298.0,749683.0,206353.0,63637,2.3695529,24236738625
Ghana,2005,22449446.0,772338.0,209090.0,63029,3.273441,25666707129
Ghana,2006,23040704.0,780543.0,211072.0,61905,3.672088,27309353954
Ghana,2007,23642284.0,785474.0,213148.0,60472,3.7090032,28496442169
Ghana,2008,24249945.0,795141.0,215447.0,59025,3.7253351,31103809332
Ghana,2009,24862667.0,810162.0,217337.0,57708,4.1771774,32610629348
Ghana,2010,25475000.0,832331.0,219199.0,56547,4.5230293,35186775129
Ghana,2011,26095091.0,852913.0,221411.0,55340,4.4637465,40129504915
Ghana,2012,26734273.0,869374.0,222783.0,53954,3.9302366,43858655296
Ghana,2013,27386193.0,882362.0,223724.0,52466,4.592254,47065830437
Ghana,2014,28041592.0,884637.0,223798.0,50631,4.0164413,48410143589
Ghana,2015,28696071.0,892841.0,225111.0,48985,4.5429926,49436806230
Ghana,2016,29356736.0,885765.0,225850.0,46970,3.3903582,51104539956
Ghana,2017,30008364.0,868011.0,226811.0,44608,2.6878698,55258774288
Ghana,2018,30637592.0,869738.0,228182.0,42855,2.4300117,58684861220
Ghana,2019,31258943.0,871853.0,229443.0,41272,3.2545047,62503939826
Ghana,2020,31887802.0,874684.0,237220.0,39801,4.433171,62825173619
Ghana,2021,32518662.0,879105.0,243293.0,38481,3.8603086,66014472471
Ghana,2022,33149152.0,881635.0,235201.0,37244,3.6745915,68526223982
Greece,2000,10782638.0,106714.0,104968.0,672,7.5138893,194535950663
Greece,2001,10843166.0,106792.0,102535.0,636,8.24546,203582678904
Greece,2002,10890287.0,107716.0,103812.0,603,8.469987,213116735217
Greece,2003,10918467.0,107321.0,105880.0,567,8.68254,225470734593
Greece,2004,10947369.0,107602.0,105617.0,534,8.300022,237596249349
Greece,2005,10981340.0,108760.0,105137.0,511,8.761179,240408216059
Greece,2006,11016107.0,111920.0,106931.0,501,8.395969,255898673342
Greece,2007,11045737.0,112280.0,111030.0,486,8.523049,264872706550
Greece,2008,11076874.0,117689.0,109146.0,489,8.948102,265024939553
Greece,2009,11108067.0,117910.0,109330.0,483,9.535813,254107830646
Greece,2010,11124666.0,114952.0,110511.0,471,9.619525,239639588360
Greece,2011,11108838.0,106648.0,112954.0,442,9.18577,215970916413
Greece,2012,11048291.0,100775.0,118408.0,423,9.043278,197978089510
Greece,2013,10967534.0,94435.0,113618.0,399,8.521839,193479795684
Greece,2014,10893169.0,92392.0,115949.0,389,7.943586,195012591113
Greece,2015,10820902.0,92051.0,122896.0,385,8.2671995,194567373678
Greece,2016,10775506.0,93010.0,119987.0,389,8.450975,194505511433
Greece,2017,10753532.0,88544.0,126469.0,376,8.113369,197370820217
Greece,2018,10730846.0,86431.0,122306.0,363,8.072678,201445880434
Greece,2019,10718581.0,83587.0,126944.0,350,8.117095,206033167050
Greece,2020,10699370.0,84746.0,122910.0,324,9.380745,187085880047
Greece,2021,10579561.0,86163.0,133681.0,353,9.031787,203277223532
Greece,2022,10412481.0,74165.0,146529.0,407,8.449383,214502162962
Grenada,2000,107466.0,1881.0,778.0,30,5.358864,717463922
Grenada,2001,107998.0,1866.0,786.0,30,5.62457,702943169
Grenada,2002,108414.0,1865.0,788.0,29,6.1756973,727105600
Grenada,2003,108895.0,1867.0,795.0,28,5.2848573,795918681
Grenada,2004,109338.0,1866.0,834.0,35,5.3656845,790765503
Grenada,2005,109744.0,1868.0,794.0,27,5.144603,895749020
Grenada,2006,110149.0,1862.0,795.0,27,5.1135216,859960907
Grenada,2007,110532.0,1857.0,801.0,27,5.238679,912620191
Grenada,2008,110911.0,1849.0,806.0,27,5.386199,921267656
Grenada,2009,111266.0,1836.0,814.0,27,5.43471,860341634
Grenada,2010,111600.0,1815.0,825.0,26,5.418812,855944031
Grenada,2011,112093.0,1795.0,838.0,26,5.8042336,862490064
Grenada,2012,112792.0,1780.0,859.0,26,5.8223577,852529700
Grenada,2013,113499.0,1748.0,871.0,27,5.626529,872573509
Grenada,2014,114148.0,1658.0,891.0,26,4.7735357,936638937
Grenada,2015,114691.0,1589.0,911.0,26,4.646756,997007407
Grenada,2016,115147.0,1503.0,928.0,25,4.4391003,1034291535
Grenada,2017,115448.0,1344.0,946.0,22,4.6570106,1080200382
Grenada,2018,115703.0,1434.0,965.0,23,4.5837374,1127312678
Grenada,2019,115995.0,1446.0,986.0,22,4.931896,1134939081
Grenada,2020,116353.0,1434.0,998.0,22,5.3060255,978809798
Grenada,2021,116696.0,1417.0,1071.0,22,5.2796345,1024791581
Grenada,2022,116928.0,1395.0,1026.0,22,4.9970126,1099706286
Guatemala,2000,11697592.0,406001.0,73110.0,21026,5.396861,37033802897
Guatemala,2001,11969423.0,408833.0,73328.0,20339,6.070237,37897644076
Guatemala,2002,12246923.0,407419.0,73155.0,19530,6.013013,39352643430
Guatemala,2003,12525843.0,406709.0,73167.0,18738,6.1530685,40360219725
Guatemala,2004,12807409.0,406322.0,74629.0,17989,6.261828,41626689854
Guatemala,2005,13087637.0,402792.0,76981.0,17731,6.148264,42990391422
Guatemala,2006,13367455.0,401350.0,75743.0,16436,6.363622,45290978278
Guatemala,2007,13652042.0,401667.0,75372.0,15783,6.1918335,48161393073
Guatemala,2008,13935172.0,399639.0,76411.0,15124,6.0813,49747600113
Guatemala,2009,14215614.0,400873.0,77546.0,14501,6.3393865,49984845476
Guatemala,2010,14500118.0,403407.0,78602.0,14035,6.1247797,51426496107
Guatemala,2011,14792123.0,407013.0,78479.0,13546,5.963069,53567847518
Guatemala,2012,15089639.0,410910.0,78536.0,13078,6.0731697,55161334868
Guatemala,2013,15387339.0,411093.0,79762.0,12584,5.771889,57199418297
Guatemala,2014,15681725.0,415053.0,81499.0,12192,5.8885684,59741348010
Guatemala,2015,15971745.0,418818.0,83736.0,11899,6.00602,62186066547
Guatemala,2016,16268761.0,422285.0,84175.0,11479,6.070082,63851287023
Guatemala,2017,16567363.0,417021.0,84187.0,10990,6.135638,65817811666
Guatemala,2018,16845688.0,409597.0,86510.0,10538,6.106627,68060141106
Guatemala,2019,17103803.0,394906.0,87529.0,9811,6.1744328,70794728365
Guatemala,2020,17357331.0,382615.0,101281.0,9196,6.4591527,69530652260
Guatemala,2021,17598652.0,376735.0,121587.0,8737,7.356989,75122101496
Guatemala,2022,17847877.0,375923.0,94247.0,8383,7.167879,78243366193
Guinea,2000,8428837.0,352603.0,125528.0,57831,4.7410135,5176459579
Guinea,2001,8539963.0,352857.0,125212.0,55930,4.8843303,5365832405
Guinea,2002,8674072.0,351824.0,122796.0,53783,5.3565373,5642956694
Guinea,2003,8870790.0,357353.0,122582.0,52313,4.772165,5713414722
Guinea,2004,9062724.0,364717.0,122640.0,51321,4.776328,5847115329
Guinea,2005,9245844.0,373629.0,122428.0,50610,4.034527,6022369313
Guinea,2006,9441174.0,380546.0,122030.0,50030,3.615269,6094011545
Guinea,2007,9662278.0,388487.0,122426.0,49737,3.4826248,6509469022
Guinea,2008,9898870.0,396750.0,122426.0,49445,3.2656171,6778506429
Guinea,2009,10143540.0,405016.0,123089.0,49401,3.5814664,6702408065
Guinea,2010,10396090.0,412048.0,123533.0,49289,3.4278173,7025019105
Guinea,2011,10656812.0,417378.0,124054.0,49114,3.789551,7419271030
Guinea,2012,10921580.0,422661.0,124578.0,48935,3.5039852,7858142150
Guinea,2013,11191874.0,429537.0,125104.0,48770,3.4610865,8168199850
Guinea,2014,11472921.0,436496.0,126961.0,49046,4.787992,8470141696
Guinea,2015,11767077.0,444411.0,127802.0,48982,5.8091927,8794201742
Guinea,2016,12073031.0,451706.0,127088.0,48407,5.3969493,9745789528
Guinea,2017,12385668.0,456923.0,128383.0,48217,3.9151273,10749606370
Guinea,2018,12704776.0,461550.0,128958.0,47791,3.73843,11433119223
Guinea,2019,13034349.0,468606.0,129624.0,47396,4.0887623,12075307751
Guinea,2020,13371185.0,474920.0,132627.0,46950,3.9009452,12643401588
Guinea,2021,13710515.0,479631.0,134512.0,46334,3.7175858,13349198344
Guinea,2022,14055136.0,483229.0,130720.0,45619,3.832927,13879482945
Guinea-Bissau,2000,1234747.0,52286.0,19469.0,8831,4.1895323,705153195
Guinea-Bissau,2001,1261281.0,52713.0,19250.0,8639,4.1289153,738901627
Guinea-Bissau,2002,1289317.0,53588.0,19029.0,8461,3.8728,765900620
Guinea-Bissau,2003,1318809.0,54461.0,18812.0,8281,3.5020142,763710672
Guinea-Bissau,2004,1349569.0,55063.0,18570.0,8078,4.270702,772660533
Guinea-Bissau,2005,1381590.0,56053.0,18703.0,7999,4.534625,823345295
Guinea-Bissau,2006,1415315.0,56970.0,18083.0,7671,5.078262,845299838
Guinea-Bissau,2007,1450989.0,58062.0,17772.0,7463,4.925734,866938047
Guinea-Bissau,2008,1488059.0,58551.0,17711.0,7291,5.352398,906163311
Guinea-Bissau,2009,1526384.0,59144.0,17196.0,6969,4.610632,928345745
Guinea-Bissau,2010,1566352.0,60004.0,16931.0,6739,4.871337,980382895
Guinea-Bissau,2011,1608084.0,61137.0,16735.0,6540,6.216348,1059647261
Guinea-Bissau,2012,1651425.0,62056.0,16574.0,6359,5.941348,1041496885
Guinea-Bissau,2013,1695980.0,62889.0,16421.0,6185,7.0394344,1075408772
Guinea-Bissau,2014,1741126.0,62847.0,16226.0,5977,9.968974,1085781367
Guinea-Bissau,2015,1786461.0,62882.0,16040.0,5766,8.132282,1152384166
Guinea-Bissau,2016,1831898.0,62682.0,15866.0,5556,8.3288145,1214989490
Guinea-Bissau,2017,1877074.0,62011.0,15692.0,5329,7.0004954,1271652706
Guinea-Bissau,2018,1922167.0,62228.0,15571.0,5138,7.2816496,1319485332
Guinea-Bissau,2019,1967704.0,62667.0,15472.0,4976,7.146021,1389780856
Guinea-Bissau,2020,2013259.0,63229.0,16511.0,4839,8.988988,1429966367
Guinea-Bissau,2021,2058841.0,63759.0,16518.0,4706,8.397949,1501712207
Guinea-Bissau,2022,2105535.0,64131.0,15210.0,4572,8.337527,1583672069
Guyana,2000,764836.0,20062.0,5937.0,948,3.1873794,2875468427
Guyana,2001,764484.0,19142.0,5830.0,887,3.0550678,2941015352
Guyana,2002,763657.0,18147.0,5931.0,823,3.193538,2974326085
Guyana,2003,763107.0,17325.0,5980.0,768,3.268842,2955521640
Guyana,2004,762424.0,16789.0,6019.0,724,3.4377043,3001726850
Guyana,2005,760922.0,16485.0,6029.0,707,3.7940974,2943164432
Guyana,2006,758976.0,16485.0,5957.0,669,3.9314446,3094137270
Guyana,2007,756874.0,16565.0,5825.0,655,4.281262,3316643991
Guyana,2008,754614.0,16623.0,5830.0,648,4.202422,3374858506
Guyana,2009,752097.0,16588.0,5829.0,629,4.3511715,3496741806
Guyana,2010,749259.0,16527.0,5879.0,614,4.218977,3641452424
Guyana,2011,746161.0,16604.0,5890.0,603,4.172135,3830671453
Guyana,2012,746296.0,16656.0,6024.0,591,3.708187,4032790343
Guyana,2013,750020.0,16922.0,6037.0,585,3.802313,4180123674
Guyana,2014,754231.0,17050.0,5902.0,573,3.9475543,4250621228
Guyana,2015,758783.0,17084.0,5879.0,561,4.022648,4279840193
Guyana,2016,763553.0,17052.0,5888.0,544,4.018421,4442793237
Guyana,2017,768483.0,16940.0,5836.0,526,4.3191123,4608708975
Guyana,2018,791563.0,16809.0,5862.0,507,4.9049253,4813377725
Guyana,2019,807668.0,17725.0,6058.0,513,4.903315,5071030135
Guyana,2020,807486.0,17163.0,6854.0,486,5.375106,7275896377
Guyana,2021,815484.0,17093.0,8966.0,470,4.643265,8735441012
Guyana,2022,821638.0,17047.0,6005.0,452,2.5245636,14268000638
Haiti,2000,8303151.0,266970.0,86293.0,27479,3.991657,11150259169
Haiti,2001,8455917.0,264483.0,85740.0,26543,3.7502923,11112041891
Haiti,2002,8607648.0,263154.0,85027.0,25612,3.4325013,11228920585
Haiti,2003,8759913.0,264233.0,84688.0,24924,3.5369532,11619774577
Haiti,2004,8910267.0,264117.0,90042.0,26627,3.4292843,11466642593
Haiti,2005,9061274.0,264206.0,83594.0,23533,3.3055465,11818917734
Haiti,2006,9216569.0,266186.0,83318.0,23009,3.480139,12027964912
Haiti,2007,9373300.0,267607.0,83382.0,22617,3.647341,12594064682
Haiti,2008,9530782.0,269555.0,84196.0,22376,3.7572205,12928818990
Haiti,2009,9689585.0,271900.0,84104.0,21830,3.5027738,13690375422
Haiti,2010,9803299.0,271749.0,175782.0,38738,4.5487103,12916662276
Haiti,2011,9914904.0,271233.0,86537.0,21432,5.911978,13575181302
Haiti,2012,10069770.0,268713.0,85009.0,20443,5.5646234,13643386325
Haiti,2013,10222365.0,266448.0,84988.0,19719,4.1052403,14233433330
Haiti,2014,10373241.0,267118.0,85107.0,19150,4.520358,14644604839
Haiti,2015,10523249.0,267758.0,85693.0,18679,5.0751815,14849629308
Haiti,2016,10671462.0,267875.0,86966.0,18384,4.8076057,15118774099
Haiti,2017,10817759.0,266599.0,86297.0,17545,3.819939,15498296353
Haiti,2018,10962373.0,265528.0,86899.0,16969,4.316503,15756778637
Haiti,2019,11105165.0,264011.0,87459.0,16392,3.9110792,15485274058
Haiti,2020,11243846.0,262412.0,93140.0,15822,3.7865195,14973407477
Haiti,2021,11374592.0,260695.0,101701.0,15702,3.5773985,14704149691
Haiti,2022,11503603.0,259375.0,95160.0,14893,3.2075508,14456828250
Honduras,2000,6577781.0,224798.0,34489.0,8295,6.26818,11770779974
Honduras,2001,6757992.0,225424.0,34782.0,7994,5.929983,12091321063
Honduras,2002,6938866.0,224644.0,34996.0,7648,6.2445755,12545270107
Honduras,2003,7119213.0,223226.0,35373.0,7302,6.890047,13115708313
Honduras,2004,7299003.0,222525.0,35746.0,6966,6.8548436,13933118990
Honduras,2005,7478362.0,221456.0,36242.0,6665,7.500864,14776156180
Honduras,2006,7656832.0,220077.0,36707.0,6342,7.863187,15746542343
Honduras,2007,7834806.0,220265.0,37212.0,6085,8.0849495,16720989901
Honduras,2008,8012590.0,220548.0,37941.0,5893,8.603626,17428555328
Honduras,2009,8189904.0,220803.0,38548.0,5634,8.995925,17004757718
Honduras,2010,8365881.0,220160.0,39839.0,5517,8.725364,17639229093
Honduras,2011,8540587.0,220138.0,39971.0,5237,8.79187,18315815357
Honduras,2012,8715081.0,220540.0,40165.0,5035,8.656551,19072018181
Honduras,2013,8889276.0,220481.0,40486.0,4856,8.47723,19604424966
Honduras,2014,9063127.0,221033.0,40954.0,4692,7.9145575,20203944075
Honduras,2015,9237306.0,222474.0,41372.0,4544,7.4837904,20979791685
Honduras,2016,9412380.0,224051.0,41812.0,4413,7.709445,21796529142
Honduras,2017,9588144.0,225361.0,42623.0,4286,7.0066886,22852116284
Honduras,2018,9765209.0,228432.0,43471.0,4177,7.2282066,23730778960
Honduras,2019,9943637.0,229805.0,44607.0,4085,7.3431664,24338200129
Honduras,2020,10119638.0,230759.0,51201.0,3976,9.219124,22156260473
Honduras,2021,10289881.0,231824.0,58924.0,3823,9.273115,24940257609
Honduras,2022,10463880.0,232735.0,46487.0,3711,8.154528,25973672631
Hungary,2000,10190598.0,97513.0,134857.0,1068,6.7697926,91691821698
Hungary,2001,10166693.0,97095.0,131367.0,906,6.8197937,95416367494
Hungary,2002,10138461.0,96728.0,132100.0,841,7.118116,99929623991
Hungary,2003,10108970.0,94772.0,135114.0,809,8.129865,103865629649
Hungary,2004,10085788.0,95319.0,131854.0,749,7.7659206,109020611056
Hungary,2005,10065703.0,97761.0,134954.0,736,7.992485,113708806061
Hungary,2006,10049946.0,99808.0,130950.0,704,7.7855644,118182032745
Hungary,2007,10034084.0,98015.0,132186.0,686,7.2071915,118574815857
Hungary,2008,10016653.0,98863.0,129398.0,651,7.092757,119752782052
Hungary,2009,10001381.0,96291.0,129763.0,577,7.2366724,111681245651
Hungary,2010,9979128.0,90709.0,129618.0,552,7.464204,112873946275
Hungary,2011,9946675.0,89092.0,127537.0,531,7.4934225,115037411549
Hungary,2012,9916621.0,90042.0,128855.0,513,7.430477,113496503293
Hungary,2013,9889344.0,89379.0,126033.0,522,7.2364535,115802945078
Hungary,2014,9862843.0,92338.0,125902.0,498,7.0419235,120822254244
Hungary,2015,9839211.0,91977.0,131112.0,473,6.8501935,125244126623
Hungary,2016,9810529.0,94367.0,126512.0,448,6.9675264,128298381762
Hungary,2017,9785608.0,93191.0,131175.0,398,6.7333837,133589642960
Hungary,2018,9774395.0,91697.0,130529.0,370,6.554605,141078862882
Hungary,2019,9770346.0,91271.0,129065.0,402,6.2467785,148241697677
Hungary,2020,9749459.0,93065.0,140529.0,374,7.230515,141809897486
Hungary,2021,9707848.0,93719.0,158980.0,363,7.3352485,152052706989
Hungary,2022,9684308.0,89766.0,133844.0,381,6.6474123,158366514062
Iceland,2000,281293.0,4279.0,1829.0,17,8.899243,12224638524
Iceland,2001,285058.0,4087.0,1733.0,16,8.752662,12694179476
Iceland,2002,287609.0,4062.0,1834.0,17,9.403825,12763018327
Iceland,2003,289616.0,4162.0,1844.0,15,9.729302,13054189962
Iceland,2004,292172.0,4235.0,1840.0,15,9.328544,14049259326
Iceland,2005,296852.0,4248.0,1855.0,15,8.94695,15036829617
Iceland,2006,303883.0,4371.0,1915.0,12,8.557091,15889660323
Iceland,2007,311662.0,4493.0,1954.0,16,8.353586,17278627876
Iceland,2008,317519.0,4801.0,2002.0,18,8.343708,17572297288
Iceland,2009,318619.0,5066.0,2017.0,14,8.775185,16110024869
Iceland,2010,318163.0,4924.0,2030.0,17,8.361731,15752089366
Iceland,2011,319139.0,4525.0,2002.0,9,8.254989,15969467678
Iceland,2012,320851.0,4536.0,1979.0,10,8.230912,16156200540
Iceland,2013,323891.0,4326.0,2164.0,14,8.226513,16737332122
Iceland,2014,327517.0,4356.0,2064.0,13,8.290442,17057653884
Iceland,2015,330962.0,4129.0,2194.0,15,8.13122,17700486957
Iceland,2016,335571.0,4013.0,2332.0,8,8.155691,18801118750
Iceland,2017,343537.0,4004.0,2245.0,15,8.324308,19456350343
Iceland,2018,352860.0,4169.0,2269.0,12,8.438176,20363166153
Iceland,2019,360709.0,4403.0,2284.0,9,8.639963,20594942209
Iceland,2020,366626.0,4486.0,2316.0,16,9.649089,19226227454
Iceland,2021,372647.0,4819.0,2345.0,21,9.720737,20222255993
Iceland,2022,380368.0,4334.0,2823.0,8,9.081453,22013401666
India,2000,1057922731.0,29111712.0,9127431.0,2636156,4.1056848,800534479629
India,2001,1077898579.0,29324930.0,9143228.0,2555847,4.3375425,839151992858
India,2002,1097600380.0,29128216.0,9103548.0,2449264,4.3145337,871073127574
India,2003,1116803000.0,28794442.0,9074469.0,2332103,4.0787773,939542798331
India,2004,1135991509.0,28537736.0,9067053.0,2219553,4.026795,1013982178696
India,2005,1154676321.0,28063000.0,9027961.0,2093819,3.8550828,1094324353137
India,2006,1172878888.0,27637610.0,8995893.0,1970158,3.6690154,1182534912725
India,2007,1190676028.0,27304620.0,8972698.0,1854649,3.58104,1273126725470
India,2008,1207930960.0,27186092.0,8950894.0,1751160,3.5885608,1312424303400
India,2009,1225524764.0,27219668.0,8934340.0,1659915,3.546377,1415605643151
India,2010,1243481565.0,26900712.0,8908601.0,1560786,3.3362591,1535897931719
India,2011,1261224956.0,26681992.0,8889393.0,1465550,3.2463422,1616399198833
India,2012,1278674501.0,26432416.0,8879964.0,1373272,3.3293529,1704596203504
India,2013,1295829507.0,25995998.0,8888126.0,1281925,3.7494419,1813453530765
India,2014,1312277184.0,25050538.0,8884412.0,1172690,3.6195655,1947834564909
India,2015,1328024494.0,25147252.0,8936426.0,1098967,3.5956597,2103588360044
India,2016,1343944296.0,25207148.0,9004539.0,1034488,3.5043042,2277267041549
India,2017,1359657398.0,24466744.0,9072749.0,955501,2.9359765,2432016068498
India,2018,1374659067.0,24620204.0,9169449.0,899927,2.8584938,2588974770244
India,2019,1389030307.0,24124984.0,9264486.0,837527,2.952998,2689205295885
India,2020,1402617694.0,23485340.0,10118286.0,774068,3.341461,2533830417086
India,2021,1414203896.0,23321852.0,13093783.0,724076,3.3468094,2779348258938
India,2022,1425423209.0,23286124.0,9373180.0,682130,3.396235,2990839011962
Indonesia,2000,216077789.0,4686376.0,1605637.0,246038,1.8529766,395012382597
Indonesia,2001,219097905.0,4685685.0,1619259.0,234154,2.1185021,409404526219
Indonesia,2002,222088499.0,4687565.0,1624574.0,223053,1.9806271,427825582126
Indonesia,2003,225048005.0,4688692.0,1650939.0,213070,2.2483718,448277224148
Indonesia,2004,227926649.0,4739873.0,1845607.0,234039,2.1200228,470829486219
Indonesia,2005,230871648.0,4852370.0,1702851.0,199741,2.531894,497631790442
Indonesia,2006,233951650.0,4899748.0,1736657.0,194651,2.6194642,525006275302
Indonesia,2007,237062338.0,4970646.0,1759193.0,188184,2.8238556,558318040161
Indonesia,2008,240157902.0,4925996.0,1787618.0,179857,2.548423,591893632243
Indonesia,2009,243220024.0,4955500.0,1814615.0,173564,2.623241,619291626017
Indonesia,2010,246305327.0,5015256.0,1854127.0,168390,2.7908783,657835433773
Indonesia,2011,249470029.0,5141881.0,1875287.0,164703,2.9894247,698422460479
Indonesia,2012,252698525.0,5157679.0,1897862.0,159191,2.9142709,740537688618
Indonesia,2013,255852464.0,5025781.0,1921332.0,150519,2.869348,781691320690
Indonesia,2014,258877395.0,4942318.0,1941415.0,142632,2.9643357,820828013230
Indonesia,2015,261799249.0,4861441.0,1962168.0,135080,2.9242852,860854232686
Indonesia,2016,264627429.0,4799811.0,1985267.0,128284,3.021472,904181621780
Indonesia,2017,267346654.0,4689219.0,2006818.0,120836,2.904172,950021694164
Indonesia,2018,269951847.0,4628645.0,2041289.0,115463,2.8675783,999178586309
Indonesia,2019,272489381.0,4607562.0,2059519.0,109819,2.878629,1049330233997
Indonesia,2020,274814861.0,4582350.0,2430253.0,105154,3.420673,1027656193885
Indonesia,2021,276758056.0,4543453.0,2779186.0,100618,3.7063494,1065709127396
Indonesia,2022,278830527.0,4518308.0,2088878.0,96506,2.6938975,1122268412650
Iran,2000,66418661.0,1060427.0,329235.0,38363,4.7225084,258056537598
Iran,2001,67452005.0,1074860.0,331192.0,36751,5.1608734,264229695672
Iran,2002,68011318.0,1084609.0,332396.0,34783,4.651822,285576361692
Iran,2003,68769343.0,1091911.0,359340.0,35905,4.9558916,310248155730
Iran,2004,70256316.0,1136441.0,335275.0,31878,5.128014,323702581949
Iran,2005,71828455.0,1176881.0,339625.0,31053,5.2999616,334028060139
Iran,2006,73392747.0,1227485.0,342952.0,30125,5.159909,350728779262
Iran,2007,74602648.0,1266093.0,346805.0,29097,4.911882,379333424181
Iran,2008,75514201.0,1290890.0,349934.0,28031,5.0399046,380285006935
Iran,2009,76457831.0,1311757.0,353497.0,26926,6.1149344,384115942794
Iran,2010,77420851.0,1337544.0,357131.0,26006,6.2915306,406386748164
Iran,2011,78383602.0,1385254.0,361384.0,25459,6.09788,417138595177
Iran,2012,79370583.0,1439653.0,365818.0,25065,6.1223536,401507697046
Iran,2013,80414689.0,1490131.0,370617.0,24741,5.736978,395396833390
Iran,2014,81502045.0,1534518.0,375961.0,24436,6.8153954,415106476157
Iran,2015,82619365.0,1559766.0,381416.0,23957,8.382327,409191686496
Iran,2016,83812230.0,1574609.0,387611.0,23328,7.8028502,445262288195
Iran,2017,85026761.0,1534302.0,393723.0,22194,7.7180123,458739730634
Iran,2018,86117999.0,1435027.0,400017.0,20273,6.635717,441546348305
Iran,2019,87051649.0,1298600.0,405566.0,18096,6.2342677,431119516583
Iran,2020,87723448.0,1228854.0,564815.0,16663,4.9609814,450269020578
Iran,2021,88455490.0,1210703.0,564944.0,16016,4.858866,468869169367
Iran,2022,89524247.0,1191945.0,438359.0,14901,5.627941,489278157562
Iraq,2003,26802660.0,925338.0,179180.0,38240,2.996936,60307856288
Iraq,2004,27577876.0,947136.0,185576.0,38156,3.9012864,92503535426
Iraq,2005,28407450.0,964267.0,187653.0,38006,3.0170465,94053181141
Iraq,2006,28616518.0,1000546.0,203201.0,38281,2.4937043,99356180856
Iraq,2007,28391606.0,979591.0,195478.0,36555,3.2148056,101232561440
Iraq,2008,28971042.0,974852.0,172475.0,35424,3.0660424,109562085020
Iraq,2009,30058207.0,1019814.0,164731.0,36071,3.77204,113264515567
Iraq,2010,31045367.0,1074309.0,167941.0,36807,3.2395535,120516349622
Iraq,2011,32161425.0,1141502.0,170418.0,37619,2.8031638,129611081238
Iraq,2012,33654843.0,1172290.0,172324.0,37728,2.6936586,147674239072
Iraq,2013,35281987.0,1204531.0,178484.0,38347,2.8086846,158939252263
Iraq,2014,36550058.0,1218190.0,177448.0,36978,2.7878666,162537141323
Iraq,2015,37560535.0,1185490.0,177914.0,35501,3.1558704,166774104959
Iraq,2016,38469628.0,1146998.0,200059.0,33237,4.5725303,189767872908
Iraq,2017,39337358.0,1113403.0,188909.0,31238,4.089444,186314571374
Iraq,2018,40265629.0,1113895.0,175614.0,30257,4.0760064,191221819559
Iraq,2019,41192172.0,1122563.0,179600.0,29592,4.207232,201765390231
Iraq,2020,42116602.0,1130421.0,210458.0,28984,5.7276616,177479307669
Iraq,2021,43071208.0,1139167.0,197245.0,27844,5.1418,180145367592
Iraq,2022,44070556.0,1145989.0,183520.0,27053,4.3322635,194483223959
Ireland,2000,3802589.0,54379.0,31184.0,383,5.8990283,162098435201
Ireland,2001,3862981.0,57094.0,30021.0,420,6.3924937,170699088560
Ireland,2002,3928441.0,59929.0,29580.0,376,6.6726303,180769250950
Ireland,2003,3992935.0,61074.0,28960.0,376,7.007614,186217344582
Ireland,2004,4066066.0,61297.0,28473.0,333,7.2197294,198858038461
Ireland,2005,4155283.0,60653.0,28119.0,286,7.642428,210272056411
Ireland,2006,4268775.0,64292.0,28345.0,297,7.51647,220760118842
Ireland,2007,4393518.0,70395.0,27850.0,290,7.8077374,232482742331
Ireland,2008,4485992.0,74966.0,27976.0,343,9.125648,222058051543
Ireland,2009,4533750.0,76014.0,27958.0,311,10.522758,210742455593
Ireland,2010,4559084.0,75667.0,27583.0,324,10.520628,214289191596
Ireland,2011,4579603.0,74428.0,27965.0,297,10.488865,217736818590
Ireland,2012,4600135.0,72217.0,28661.0,281,10.474669,216854920423
Ireland,2013,4624686.0,69318.0,29034.0,294,10.0333,221610413457
Ireland,2014,4658236.0,67413.0,28732.0,267,9.230779,242410308909
Ireland,2015,4702497.0,65608.0,29619.0,262,7.078278,302101388556
Ireland,2016,4753506.0,63823.0,30127.0,227,7.3382206,305795232417
Ireland,2017,4810258.0,61783.0,29817.0,217,6.917186,336707637029
Ireland,2018,4872559.0,60961.0,30625.0,196,6.7471085,362595940328
Ireland,2019,4933493.0,59149.0,30669.0,216,6.6186056,380627401462
Ireland,2020,4982602.0,56491.0,32147.0,186,6.9732327,407856325068
Ireland,2021,5028428.0,60066.0,35943.0,212,6.441135,474166373639
Ireland,2022,5110015.0,53241.0,35140.0,184,6.0207825,509781668505
Israel,2000,6111194.0,131441.0,34371.0,901,6.594219,184968923140
Israel,2001,6259977.0,132988.0,34526.0,862,6.9991426,185469211204
Israel,2002,6387714.0,136567.0,35622.0,921,6.907675,185185665146
Israel,2003,6502821.0,141063.0,35925.0,898,6.8497596,187842263106
Israel,2004,6615084.0,139688.0,35466.0,811,6.79697,196575885063
Israel,2005,6728212.0,139012.0,36452.0,775,6.8828454,205131976814
Israel,2006,6844029.0,142801.0,36129.0,767,6.7000074,216601040001
Israel,2007,6962456.0,146003.0,36934.0,724,6.6725616,230275218247
Israel,2008,7082621.0,150412.0,36773.0,739,6.806683,237680439766
Israel,2009,7206096.0,154212.0,36141.0,734,6.8699236,240580556617
Israel,2010,7336735.0,159952.0,36919.0,723,6.8503833,253920041344
Israel,2011,7471023.0,160672.0,38509.0,696,6.8059497,267919718903
Israel,2012,7607781.0,164233.0,39901.0,711,6.9418526,274376417086
Israel,2013,7749369.0,164976.0,39724.0,646,6.940744,285598789630
Israel,2014,7897173.0,168979.0,41012.0,666,7.0299053,296217764317
Israel,2015,8052916.0,171255.0,42803.0,639,7.0209064,302841190257
Israel,2016,8210006.0,174190.0,42484.0,635,7.0991917,316578125375
Israel,2017,8361796.0,176495.0,43448.0,665,7.171894,330330105623
Israel,2018,8510067.0,177004.0,43652.0,643,7.2355037,343720034898
Israel,2019,8657466.0,174772.0,45066.0,634,7.207019,356021732427
Israel,2020,8800380.0,171034.0,47643.0,483,7.7480187,349605974158
Israel,2021,8942925.0,177692.0,49411.0,630,7.8396106,382242904637
Israel,2022,9103143.0,174982.0,49683.0,596,7.12005,406569119633
Italy,2000,57272200.0,540787.0,558196.0,2858,7.5470123,1856863206512
Italy,2001,57305760.0,534531.0,554964.0,2923,7.7111583,1894119928193
Italy,2002,57420636.0,535827.0,558423.0,2807,7.836389,1899232719747
Italy,2003,57739697.0,540069.0,581774.0,2388,7.8067093,1900496731461
Italy,2004,58176736.0,559657.0,540432.0,2491,8.137269,1928510465814
Italy,2005,58519696.0,553647.0,563627.0,2330,8.309068,1943213635518
Italy,2006,58754434.0,559082.0,554318.0,2276,8.39791,1978181374737
Italy,2007,59108723.0,560914.0,568203.0,2178,8.101672,2007108163772
Italy,2008,59561687.0,574158.0,578567.0,2257,8.501575,1986572667176
Italy,2009,59904016.0,569050.0,586205.0,2277,8.9129095,1881181927615
Italy,2010,60164212.0,562390.0,582909.0,2114,8.87929,1909947188308
Italy,2011,60367882.0,547811.0,592883.0,1985,8.728508,1923230167272
Italy,2012,60531522.0,533355.0,612076.0,1888,8.798343,1863124632394
Italy,2013,60653864.0,511406.0,598587.0,1795,8.789764,1829252558793
Italy,2014,60664169.0,496200.0,599170.0,1638,8.859136,1829227175768
Italy,2015,60575314.0,479589.0,646394.0,1641,8.845967,1845428048839
Italy,2016,60478103.0,467188.0,618760.0,1524,8.72044,1868241619489
Italy,2017,60390317.0,452694.0,656416.0,1561,8.690605,1898202609462
Italy,2018,60277496.0,434892.0,635638.0,1496,8.654675,1913894038926
Italy,2019,60130136.0,419609.0,643912.0,1258,8.615368,1922107755078
Italy,2020,59912763.0,408035.0,750382.0,1189,9.564303,1751650987235
Italy,2021,59729353.0,407050.0,674149.0,1109,9.281645,1908092024820
Italy,2022,59619106.0,399735.0,741667.0,1529,8.850229,2000084512919
Jamaica,2000,2607827.0,52498.0,18046.0,1106,5.978692,13553906825
Jamaica,2001,2624410.0,51636.0,17967.0,1073,5.1565294,13736197326
Jamaica,2002,2640582.0,51305.0,17737.0,1034,5.5793414,14010549151
Jamaica,2003,2656629.0,50977.0,17641.0,999,4.9923925,14524220379
Jamaica,2004,2672227.0,50225.0,17722.0,980,5.8376675,14716481130
Jamaica,2005,2687070.0,49327.0,17827.0,954,5.8210487,14848016734
Jamaica,2006,2700973.0,48211.0,17998.0,931,5.5102234,15278479351
Jamaica,2007,2713808.0,46970.0,18084.0,906,6.191096,15497260153
Jamaica,2008,2725633.0,45610.0,18061.0,883,6.6553397,15371463204
Jamaica,2009,2737001.0,44233.0,17916.0,853,6.370216,14703526728
Jamaica,2010,2748573.0,42755.0,17722.0,828,6.4421926,14489274699
Jamaica,2011,2760493.0,41214.0,17588.0,794,6.523178,14739993670
Jamaica,2012,2772432.0,39948.0,17629.0,766,6.186029,14649543756
Jamaica,2013,2783689.0,38913.0,17878.0,743,6.284533,14725382395
Jamaica,2014,2793756.0,38052.0,18297.0,723,6.286739,14826961375
Jamaica,2015,2802536.0,37324.0,18840.0,706,6.6147714,14963589915
Jamaica,2016,2809919.0,36364.0,19421.0,688,6.5901823,15376650479
Jamaica,2017,2815765.0,35458.0,20044.0,673,6.9847693,15729242259
Jamaica,2018,2820103.0,34701.0,20779.0,671,6.838845,16124965549
Jamaica,2019,2823275.0,34357.0,21265.0,670,6.9694557,16416735750
Jamaica,2020,2830745.0,34014.0,21843.0,657,7.475553,15053421189
Jamaica,2021,2837680.0,33921.0,27537.0,656,8.002617,15912170664
Jamaica,2022,2839150.0,33658.0,22437.0,654,8.653387,16936803585
Japan,2000,127027794.0,1197065.0,994661.0,5369,7.0345616,4030991750950
Japan,2001,127260144.0,1180835.0,1001554.0,5007,7.239479,4042464298381
Japan,2002,127484599.0,1163599.0,1014397.0,4776,7.352354,4045899940482
Japan,2003,127671254.0,1137890.0,1049519.0,4559,7.4865484,4101737784188
Japan,2004,127815769.0,1120731.0,1063955.0,4351,7.5351844,4188405380395
Japan,2005,127913331.0,1078811.0,1122518.0,4162,7.658186,4265818895379
Japan,2006,127997247.0,1095688.0,1127231.0,4037,7.6868887,4331781612600
Japan,2007,128087683.0,1093907.0,1149567.0,3852,7.779357,4406651221892
Japan,2008,128155992.0,1094130.0,1182485.0,3793,8.089093,4355242255151
Japan,2009,128192471.0,1074687.0,1181429.0,3490,8.958782,4096717638451
Japan,2010,128185273.0,1070600.0,1235563.0,3461,9.063006,4266176556594
Japan,2011,128096430.0,1050600.0,1292910.0,3672,10.487802,4257628936826
Japan,2012,127928283.0,1037199.0,1296809.0,3205,10.671691,4327834450517
Japan,2013,127723642.0,1023434.0,1307459.0,2975,10.674387,4414273272427
Japan,2014,127486601.0,998487.0,1313096.0,2901,10.729014,4454262857599
Japan,2015,127275868.0,994851.0,1328710.0,2741,10.7497,4534438580494
Japan,2016,127159950.0,967960.0,1349578.0,2646,10.6589155,4566405760116
Japan,2017,127064686.0,937434.0,1383635.0,2444,10.656271,4640539102852
Japan,2018,126913432.0,910945.0,1410417.0,2375,10.739882,4679247874199
Japan,2019,126699421.0,864781.0,1432118.0,2310,10.969984,4664812538574
Japan,2020,126304533.0,840688.0,1423308.0,1994,11.449746,4465005582812
Japan,2021,125679342.0,810611.0,1485403.0,1909,12.081082,4624147102598
Japan,2022,124997585.0,786576.0,1615301.0,1855,12.322757,4685724442189
Jordan,2000,5386945.0,156514.0,20101.0,4232,9.343679,20069039071
Jordan,2001,5498900.0,156809.0,20354.0,4108,9.572364,21126668916
Jordan,2002,5616077.0,159938.0,20690.0,4044,9.278642,22348594867
Jordan,2003,5741837.0,163500.0,21057.0,4001,8.78901,23278669089
Jordan,2004,5882066.0,163183.0,21429.0,3896,8.746705,25273002542
Jordan,2005,6029597.0,163738.0,21930.0,3818,8.494416,27331891656
Jordan,2006,6427377.0,170046.0,22401.0,3809,7.679257,29543854891
Jordan,2007,6827235.0,192454.0,24877.0,4166,7.9098263,31959410677
Jordan,2008,6989874.0,200657.0,25615.0,4212,8.488806,34267003610
Jordan,2009,7141763.0,204024.0,26375.0,4179,9.223969,36020333882
Jordan,2010,7297046.0,204830.0,27079.0,4096,8.170257,36970447929
Jordan,2011,7480431.0,204950.0,27874.0,4005,8.148077,38045287231
Jordan,2012,7587133.0,204058.0,28616.0,3893,7.8179955,38960145956
Jordan,2013,7991812.0,199206.0,28736.0,3701,7.165924,40021074389
Jordan,2014,8791715.0,213850.0,29677.0,3871,7.208929,41350923977
Jordan,2015,9544730.0,225764.0,30266.0,3998,7.460956,42394049295
Jordan,2016,10006369.0,237633.0,31741.0,4070,6.9764414,43289270898
Jordan,2017,10234227.0,237611.0,31703.0,3949,7.1095366,44374837667
Jordan,2018,10462310.0,237255.0,31927.0,3832,6.98295,45197473565
Jordan,2019,10671893.0,237304.0,32371.0,3697,7.0724463,46036487855
Jordan,2020,10865232.0,236062.0,37918.0,3558,7.5455475,45505882648
Jordan,2021,11066356.0,235810.0,45005.0,3447,7.697339,47213269175
Jordan,2022,11256269.0,235500.0,35600.0,3337,7.7362328,48510152310
Kazakhstan,2000,15501108.0,245353.0,164646.0,10340,4.1603203,66179326672
Kazakhstan,2001,15575550.0,248258.0,163979.0,9820,3.4709804,75113535772
Kazakhstan,2002,15656680.0,257137.0,163557.0,9488,3.6148138,82474662277
Kazakhstan,2003,15747377.0,275832.0,163704.0,9439,3.72335,90144805869
Kazakhstan,2004,15850164.0,296258.0,163966.0,9461,3.9830768,98798707234
Kazakhstan,2005,15968118.0,310259.0,163635.0,9296,3.9017296,108382181835
Kazakhstan,2006,16103718.0,329515.0,163033.0,9172,3.3982484,119979075291
Kazakhstan,2007,16257212.0,350072.0,161588.0,9018,2.7031481,130657212992
Kazakhstan,2008,16426527.0,373109.0,158947.0,8835,3.0256984,134968901021
Kazakhstan,2009,16619851.0,372500.0,154465.0,8172,3.4735563,136588527833
Kazakhstan,2010,16836808.0,380773.0,150285.0,7597,2.736414,146559490369
Kazakhstan,2011,17065996.0,383804.0,145914.0,6919,2.6023667,157404892659
Kazakhstan,2012,17306115.0,391860.0,141878.0,6353,3.0372598,164960327499
Kazakhstan,2013,17556502.0,397592.0,138337.0,5824,2.6628675,174857947143
Kazakhstan,2014,17816285.0,410084.0,135664.0,5444,2.9746845,182201980933
Kazakhstan,2015,18084175.0,407128.0,133607.0,5015,3.0405111,184388404706
Kazakhstan,2016,18363600.0,410247.0,132369.0,4721,3.422356,186416677156
Kazakhstan,2017,18651931.0,399800.0,131739.0,4409,3.0524447,194059760924
Kazakhstan,2018,18932725.0,410881.0,131962.0,4322,2.9006245,202016211108
Kazakhstan,2019,19209556.0,411552.0,132755.0,4230,2.8714375,211106940610
Kazakhstan,2020,19482116.0,439716.0,167258.0,4371,3.8313382,205829267103
Kazakhstan,2021,19743607.0,459460.0,190432.0,4446,3.9870186,214679925583
Kazakhstan,2022,20034612.0,417107.0,140075.0,4101,3.74578,221549683201
Kenya,2000,30642893.0,1233019.0,304655.0,113320,3.6245143,36630908098
Kenya,2001,31619170.0,1270715.0,306983.0,111121,3.7400231,38015522174
Kenya,2002,32629809.0,1303182.0,311135.0,108181,3.8215947,38223413680
Kenya,2003,33652233.0,1327867.0,309688.0,104437,4.033657,39344305939
Kenya,2004,34713453.0,1357304.0,308717.0,100553,4.211595,41352557259
Kenya,2005,35796485.0,1388301.0,307865.0,96545,4.217414,43795114731
Kenya,2006,36904010.0,1420499.0,307149.0,93038,5.0134387,46629751036
Kenya,2007,38036354.0,1456741.0,309674.0,89782,5.1235847,49824229272
Kenya,2008,39206349.0,1484001.0,309188.0,86859,5.190506,49939962360
Kenya,2009,40408887.0,1501942.0,308384.0,83986,5.2917295,51591446859
Kenya,2010,41598570.0,1508620.0,308850.0,81218,5.3884983,55748929986
Kenya,2011,42758467.0,1496940.0,311066.0,78114,5.2021284,58603891851
Kenya,2012,43888306.0,1477880.0,316355.0,75134,5.0180583,61281315911
Kenya,2013,44986794.0,1458784.0,322766.0,72652,4.931004,63608687382
Kenya,2014,46051441.0,1452569.0,329236.0,70254,4.9126735,66801914096
Kenya,2015,47088528.0,1455413.0,336199.0,68574,4.7643957,70120446896
Kenya,2016,48139683.0,1453935.0,345128.0,66837,4.754291,73074983895
Kenya,2017,49197757.0,1456356.0,350571.0,65539,3.985975,75879571212
Kenya,2018,50207109.0,1457849.0,360810.0,64459,4.099034,80165208728
Kenya,2019,51202829.0,1445243.0,373454.0,63036,4.3687468,84264984851
Kenya,2020,52217327.0,1450722.0,414430.0,69931,4.492489,84035138346
Kenya,2021,53219167.0,1469426.0,432378.0,70259,4.569927,90413816676
Kenya,2022,54252458.0,1483377.0,391273.0,61101,4.3224187,94807911027
Kiribati,2000,88632.0,2791.0,631.0,184,7.7737985,137844792
Kiribati,2001,90350.0,2757.0,629.0,178,11.905477,133510773
Kiribati,2002,92281.0,2714.0,642.0,173,11.4402895,135442881
Kiribati,2003,94189.0,2692.0,645.0,169,10.050608,133309023
Kiribati,2004,96096.0,2776.0,661.0,169,12.171761,132497214
Kiribati,2005,98045.0,2861.0,671.0,171,11.36302,134209649
Kiribati,2006,100028.0,2974.0,688.0,174,11.308523,141962852
Kiribati,2007,102081.0,3097.0,700.0,179,10.945455,146299931
Kiribati,2008,104235.0,3213.0,717.0,184,13.514286,141933271
Kiribati,2009,106479.0,3309.0,737.0,189,12.738889,142695170
Kiribati,2010,108717.0,3397.0,748.0,194,8.766666,144444545
Kiribati,2011,110660.0,3477.0,765.0,199,7.989474,149158821
Kiribati,2012,112293.0,3458.0,779.0,199,7.95,157815491
Kiribati,2013,113847.0,3420.0,789.0,198,8.708134,170016083
Kiribati,2014,115339.0,3381.0,801.0,198,8.954955,172164513
Kiribati,2015,116826.0,3371.0,809.0,198,7.2156863,191559398
Kiribati,2016,118488.0,3378.0,836.0,199,9.042651,205137195
Kiribati,2017,120288.0,3401.0,856.0,200,9.684242,212751891
Kiribati,2018,122097.0,3432.0,873.0,201,10.896942,220037915
Kiribati,2019,123928.0,3448.0,883.0,200,10.166002,227323938
Kiribati,2020,126110.0,3449.0,954.0,198,13.65645,224409529
Kiribati,2021,128387.0,3455.0,1049.0,197,11.832286,243353190
Kiribati,2022,130483.0,3445.0,920.0,192,10.525538,255739431
Kuwait,2000,1954713.0,43766.0,3950.0,558,2.20363,61264446634
Kuwait,2001,2008127.0,44729.0,4067.0,555,3.1871963,61395143657
Kuwait,2002,2059983.0,45841.0,4187.0,553,3.1244175,63245767128
Kuwait,2003,2109886.0,47270.0,4337.0,554,2.760426,74203741654
Kuwait,2004,2157329.0,48843.0,4499.0,556,2.3570247,81802425970
Kuwait,2005,2236797.0,49914.0,4666.0,552,2.013309,90480882139
Kuwait,2006,2364741.0,50829.0,4921.0,565,1.8213098,97280315040
Kuwait,2007,2507890.0,51723.0,5182.0,573,1.9267365,103108938573
Kuwait,2008,2651433.0,52912.0,5409.0,577,1.924003,105665789636
Kuwait,2009,2795489.0,54466.0,5588.0,582,2.7063878,98188818733
Kuwait,2010,2943374.0,55560.0,5722.0,578,2.6787992,95861205611
Kuwait,2011,3132815.0,56574.0,5838.0,584,2.3330355,105091330435
Kuwait,2012,3337025.0,59245.0,6064.0,589,2.3331144,112054550468
Kuwait,2013,3507755.0,58994.0,6324.0,578,2.4878929,113342578898
Kuwait,2014,3665769.0,61262.0,6589.0,582,2.9159987,113910328503
Kuwait,2015,3834465.0,59018.0,6891.0,562,4.2149796,114585555688
Kuwait,2016,4003976.0,58704.0,7311.0,543,4.730963,117938415952
Kuwait,2017,4154686.0,59228.0,7734.0,537,4.653268,112380895138
Kuwait,2018,4323389.0,55446.0,8226.0,505,5.1720185,115463874454
Kuwait,2019,4442201.0,53115.0,8872.0,481,5.182004,118077765349
Kuwait,2020,4400146.0,52346.0,12488.0,463,6.112952,112389586345
Kuwait,2021,4360748.0,44000.0,13970.0,400,5.3727317,114268886945
Kuwait,2022,4589514.0,48257.0,8991.0,436,4.2002454,121991940635
Kyrgyzstan,2000,5025150.0,111842.0,40128.0,5597,4.4141498,3518703233
Kyrgyzstan,2001,5071960.0,111634.0,40770.0,5256,4.2770324,3705955297
Kyrgyzstan,2002,5116252.0,113278.0,41551.0,5052,4.5921955,3705313255
Kyrgyzstan,2003,5159422.0,115587.0,41996.0,4908,5.823821,3965807641
Kyrgyzstan,2004,5203048.0,118393.0,41967.0,4791,6.202813,4244477505
Kyrgyzstan,2005,5246337.0,120767.0,42229.0,4662,7.4501066,4237027793
Kyrgyzstan,2006,5282451.0,126666.0,43208.0,4623,8.311839,4368498475
Kyrgyzstan,2007,5313376.0,129303.0,43164.0,4475,6.9321065,4741693829
Kyrgyzstan,2008,5342530.0,132930.0,42066.0,4363,6.525119,5140072739
Kyrgyzstan,2009,5398013.0,139854.0,41007.0,4247,6.8987346,5288430380
Kyrgyzstan,2010,5491763.0,150123.0,40622.0,4300,6.9502716,5263491909
Kyrgyzstan,2011,5594537.0,154364.0,41635.0,4199,7.1072917,5576999924
Kyrgyzstan,2012,5696521.0,156164.0,42252.0,4042,8.509664,5572083788
Kyrgyzstan,2013,5797294.0,153027.0,43239.0,3791,8.18745,6180302892
Kyrgyzstan,2014,5898322.0,155058.0,43679.0,3630,7.3576646,6429000667
Kyrgyzstan,2015,6001876.0,154056.0,43790.0,3433,7.149309,6678177511
Kyrgyzstan,2016,6108460.0,149936.0,43151.0,3197,6.4124823,6967733666
Kyrgyzstan,2017,6220148.0,150046.0,42191.0,3035,6.1858635,7297999868
Kyrgyzstan,2018,6341733.0,167235.0,42974.0,3148,5.010309,7572252145
Kyrgyzstan,2019,6494036.0,172605.0,43058.0,3151,4.254618,7920623120
Kyrgyzstan,2020,6664143.0,160005.0,51349.0,2949,4.93559,7354379549
Kyrgyzstan,2021,6820483.0,153197.0,50083.0,2796,5.352756,7759385792
Kyrgyzstan,2022,6955792.0,150267.0,41564.0,2681,5.0487494,8455209116
Laos,2000,5431213.0,178694.0,54491.0,19270,4.275136,4981659930
Laos,2001,5521481.0,177307.0,53455.0,18285,4.2903166,5268175760
Laos,2002,5610888.0,174948.0,52832.0,17326,3.6975126,5579985581
Laos,2003,5697944.0,174697.0,52540.0,16494,4.479207,5918523434
Laos,2004,5781627.0,173880.0,51993.0,15689,3.5405724,6294805131
Laos,2005,5869531.0,168974.0,50801.0,14702,3.336732,6742212710
Laos,2006,5963199.0,169147.0,50538.0,13955,2.9320092,7323341971
Laos,2007,6056237.0,170327.0,50351.0,13291,3.1298623,7879683723
Laos,2008,6148974.0,171444.0,50405.0,12692,2.767273,8496261313
Laos,2009,6241649.0,172074.0,49899.0,12105,3.463004,9133631713
Laos,2010,6334198.0,172255.0,49744.0,11513,2.9115493,9912447859
Laos,2011,6426592.0,172082.0,49219.0,10966,1.9445751,10709275115
Laos,2012,6518981.0,170630.0,49304.0,10354,2.0763757,11568812077
Laos,2013,6611385.0,169404.0,49553.0,9845,2.3998497,12497359667
Laos,2014,6703170.0,167909.0,49809.0,9308,2.2984555,13448654116
Laos,2015,6801647.0,169785.0,51068.0,8944,2.4536645,14426380125
Laos,2016,6908800.0,169731.0,49750.0,8605,2.360875,15439521179
Laos,2017,7018150.0,169257.0,48735.0,8247,2.5260682,16503694943
Laos,2018,7128043.0,168212.0,48228.0,7962,2.2463005,17534839203
Laos,2019,7237635.0,167556.0,47761.0,7579,2.6031222,18491844275
Laos,2020,7346534.0,166166.0,47553.0,7243,2.0596519,18584864138
Laos,2021,7453192.0,165066.0,49746.0,6934,2.74392,19054754737
Laos,2022,7559008.0,163976.0,47354.0,6640,2.0182548,19570648221
Latvia,2000,2368320.0,20319.0,32539.0,257,5.571693,15001703493
Latvia,2001,2338299.0,19815.0,33308.0,268,5.890922,15970900289
Latvia,2002,2311358.0,20207.0,32830.0,265,5.9547777,17195147700
Latvia,2003,2288983.0,21208.0,32735.0,264,5.7364483,18644549495
Latvia,2004,2264179.0,20730.0,32262.0,230,6.4751854,20271313178
Latvia,2005,2239787.0,22042.0,33022.0,210,6.0816174,22625890637
Latvia,2006,2219039.0,23073.0,33259.0,214,6.0212708,25527665150
Latvia,2007,2200774.0,24127.0,33214.0,241,5.819692,28186253353
Latvia,2008,2177710.0,24673.0,31239.0,193,5.866032,27231101091
Latvia,2009,2142044.0,22503.0,30020.0,203,6.268324,22863227157
Latvia,2010,2097834.0,20254.0,30211.0,143,6.2242036,22026145287
Latvia,2011,2059940.0,19167.0,28658.0,153,5.9175825,22694935010
Latvia,2012,2034639.0,20097.0,29109.0,150,5.6207504,24352854611
Latvia,2013,2013004.0,20860.0,28784.0,120,5.6040483,24863312429
Latvia,2014,1994153.0,21921.0,28537.0,107,5.663636,25384188823
Latvia,2015,1977874.0,22211.0,28536.0,107,5.849168,26344565876
Latvia,2016,1959863.0,22133.0,28659.0,106,6.351845,27016796481
Latvia,2017,1942599.0,21019.0,28834.0,104,6.1872187,27935083541
Latvia,2018,1927586.0,19471.0,28823.0,75,6.4085426,29139005429
Latvia,2019,1914267.0,18887.0,27786.0,82,6.862769,29335802338
Latvia,2020,1901119.0,17629.0,28447.0,80,7.5058737,28318076614
Latvia,2021,1885593.0,17471.0,34309.0,63,9.410507,30284070900
Latvia,2022,1881059.0,15907.0,29860.0,73,8.10443,30862052747
Lebanon,2000,4329345.0,92241.0,19603.0,1827,10.829514,25798443405
Lebanon,2001,4401923.0,92686.0,19527.0,1735,10.562548,26789018310
Lebanon,2002,4463505.0,92055.0,19405.0,1635,9.282337,27706046545
Lebanon,2003,4525513.0,90520.0,19290.0,1528,8.671099,28600147893
Lebanon,2004,4599285.0,88984.0,19312.0,1429,7.999231,30510478932
Lebanon,2005,4671105.0,87200.0,19424.0,1335,7.5486765,31329923063
Lebanon,2006,4751146.0,86801.0,20871.0,1264,8.660579,31815384920
Lebanon,2007,4844119.0,86928.0,19959.0,1211,8.559842,34777595316
Lebanon,2008,4925359.0,87636.0,20508.0,1183,7.8175173,37931620043
Lebanon,2009,4992295.0,89813.0,20809.0,1166,7.0073576,41812842419
Lebanon,2010,5041290.0,93795.0,21191.0,1184,7.438645,45147473283
Lebanon,2011,5096018.0,96991.0,21465.0,1203,8.177444,45539055323
Lebanon,2012,5235742.0,99282.0,22031.0,1232,7.004201,46707037069
Lebanon,2013,5743441.0,103475.0,23256.0,1303,7.067422,48494923363
Lebanon,2014,6346993.0,119400.0,27121.0,1526,7.521914,49699566407
Lebanon,2015,6472470.0,126567.0,29183.0,1644,7.4159665,49929337836
Lebanon,2016,6323061.0,121382.0,29827.0,1604,7.9234495,50705514062
Lebanon,2017,6160129.0,114874.0,30708.0,1575,7.8035755,51163399287
Lebanon,2018,5984120.0,108255.0,31086.0,1547,8.070317,50199119756
Lebanon,2019,5794601.0,102113.0,31631.0,1521,8.685339,46727888410
Lebanon,2020,5702400.0,96441.0,36535.0,1938,7.482218,36728167162
Lebanon,2021,5718129.0,94769.0,48158.0,1631,4.400062,34156740537
Lebanon,2022,5744492.0,94050.0,33132.0,1632,4.9125595,33944395264
Lesotho,2000,2003919.0,56606.0,31819.0,6252,5.156334,1453365294
Lesotho,2001,2000859.0,57456.0,34270.0,6368,6.590757,1505128088
Lesotho,2002,1994686.0,58573.0,36303.0,6526,5.86075,1516022748
Lesotho,2003,1985060.0,58151.0,38021.0,6590,5.3375483,1585150007
Lesotho,2004,1971130.0,56642.0,39368.0,6523,5.2465854,1611976676
Lesotho,2005,1953080.0,55781.0,39948.0,6398,4.6745267,1667849758
Lesotho,2006,1945066.0,55681.0,40446.0,6246,5.405324,1738401391
Lesotho,2007,1953273.0,57589.0,39825.0,6165,7.2225184,1811204148
Lesotho,2008,1966547.0,58292.0,38949.0,6022,7.666482,1911244554
Lesotho,2009,1980884.0,58148.0,37813.0,5763,8.952983,1887282177
Lesotho,2010,1996256.0,58218.0,36340.0,5497,7.404848,1986735734
Lesotho,2011,2014015.0,60840.0,35200.0,5419,8.994871,2078451680
Lesotho,2012,2034363.0,61085.0,33493.0,5288,9.986013,2210102550
Lesotho,2013,2056509.0,61671.0,31880.0,5171,10.97986,2249719203
Lesotho,2014,2080091.0,61362.0,30445.0,5060,9.988239,2288201773
Lesotho,2015,2104614.0,61408.0,29318.0,4975,9.252805,2359686724
Lesotho,2016,2130424.0,61638.0,28250.0,4900,9.197443,2444845631
Lesotho,2017,2157117.0,60920.0,27325.0,4799,10.529566,2368122098
Lesotho,2018,2183611.0,59745.0,26636.0,4674,11.126373,2333058897
Lesotho,2019,2209414.0,58417.0,26137.0,4530,21.92373,2299976266
Lesotho,2020,2235727.0,57297.0,26572.0,4435,10.408369,2112391171
Lesotho,2021,2261549.0,56302.0,28493.0,4230,10.661657,2160272945
Lesotho,2022,2286112.0,55764.0,24959.0,4106,12.895692,2211855514
Liberia,2000,2928117.0,126606.0,43464.0,23029,2.692154,2210291803
Liberia,2001,3015343.0,128367.0,42147.0,21888,2.1558104,2274838397
Liberia,2002,3094793.0,129985.0,41341.0,20771,2.1646292,2360440967
Liberia,2003,3119534.0,131022.0,43490.0,20325,2.5184748,1648882904
Liberia,2004,3156893.0,129797.0,38048.0,17949,5.9050965,1692081112
Liberia,2005,3301016.0,134082.0,37600.0,17251,6.6949735,1781443510
Liberia,2006,3490792.0,142572.0,38480.0,17192,5.774266,1924741222
Liberia,2007,3669050.0,148220.0,39049.0,16970,4.3288493,2108270598
Liberia,2008,3821006.0,151553.0,39518.0,16602,5.996157,2258921103
Liberia,2009,3943035.0,153028.0,39597.0,16044,8.985148,2378656131
Liberia,2010,4058897.0,154104.0,39854.0,15550,8.438602,2523749998
Liberia,2011,4221177.0,155889.0,40396.0,15155,8.583996,2730716886
Liberia,2012,4373046.0,163665.0,41691.0,15208,7.629872,2949005327
Liberia,2013,4470246.0,161977.0,41835.0,14878,7.156104,3205193907
Liberia,2014,4564299.0,160758.0,44092.0,15086,8.098179,3227674916
Liberia,2015,4659436.0,160019.0,44541.0,14785,10.382444,3227075700
Liberia,2016,4755607.0,161339.0,42482.0,13817,9.885145,3176896008
Liberia,2017,4848927.0,161876.0,42495.0,13464,9.910874,3254893758
Liberia,2018,4944728.0,162953.0,42721.0,13185,10.435279,3292571599
Liberia,2019,5043719.0,163574.0,42934.0,12889,8.38326,3211334057
Liberia,2020,5149470.0,164386.0,43756.0,12622,12.905043,3115556299
Liberia,2021,5259327.0,165796.0,44759.0,12351,13.27176,3270920145
Liberia,2022,5373297.0,167590.0,43835.0,12149,13.588197,3428189426
Libya,2000,5305020.0,115070.0,25263.0,3197,3.3190851,57579668503
Libya,2001,5403639.0,119188.0,25818.0,3177,3.9257162,56564631725
Libya,2002,5508412.0,123921.0,26324.0,3174,4.738183,56022234980
Libya,2003,5619405.0,128796.0,26650.0,3160,3.9730124,63314109952
Libya,2004,5736696.0,134100.0,26958.0,3136,3.383282,66138956972
Libya,2005,5858793.0,140042.0,27220.0,3107,2.5170715,73990151521
Libya,2006,5980212.0,143111.0,27471.0,3011,2.2999644,78799900129
Libya,2007,6104381.0,144745.0,28041.0,2880,2.4192963,83709120342
Libya,2008,6235433.0,146142.0,28657.0,2747,2.2444189,83573471186
Libya,2009,6366689.0,147418.0,29319.0,2619,3.5828805,79896086548
Libya,2010,6497837.0,152991.0,30067.0,2550,3.2806444,83912660700
Libya,2011,6343210.0,157980.0,36959.0,3101,4.01902,41672273290
Libya,2012,6179327.0,139570.0,30715.0,2162,3.956121,77854953189
Libya,2013,6304636.0,142107.0,31334.0,2115,4.9754863,63842648630
Libya,2014,6427260.0,145406.0,34979.0,2180,5.1777782,49131511071
Libya,2015,6531825.0,143183.0,35090.0,2097,5.8063865,48717501321
Libya,2016,6632130.0,140949.0,35678.0,2000,6.171787,47991152062
Libya,2017,6738771.0,138217.0,34327.0,1838,4.676853,63584342257
Libya,2018,6849058.0,135914.0,34293.0,1710,4.866484,68633808773
Libya,2019,6951040.0,133744.0,35900.0,1713,5.5477343,60949510655
Libya,2020,7045403.0,132007.0,39061.0,1586,7.1067405,42996651437
Libya,2021,7135179.0,129689.0,41682.0,1411,6.0545745,55164567212
Libya,2022,7223804.0,126684.0,34734.0,1331,4.744336,50586008471
Liechtenstein,2015,37424.0,326.0,234.0,2,5.751392,6268515276
Lithuania,2000,3500410.0,34162.0,39041.0,391,6.185593,22342117970
Lithuania,2001,3473008.0,31253.0,40372.0,336,6.0019326,23790809196
Lithuania,2002,3444051.0,29603.0,41028.0,310,6.1347766,25389513378
Lithuania,2003,3415276.0,30107.0,40878.0,270,6.177241,28068588415
Lithuania,2004,3376703.0,30001.0,41375.0,295,5.483472,29893617960
Lithuania,2005,3322264.0,29937.0,43775.0,265,5.6463757,32204827116
Lithuania,2006,3269809.0,29726.0,44703.0,270,5.8572574,34586529059
Lithuania,2007,3231378.0,30163.0,45502.0,234,5.759786,38417999935
Lithuania,2008,3198482.0,31641.0,43797.0,222,6.290102,39416661070
Lithuania,2009,3163255.0,32444.0,42070.0,215,7.3449984,33567775753
Lithuania,2010,3097721.0,31778.0,42138.0,189,6.905867,33711177146
Lithuania,2011,3028642.0,30720.0,41109.0,178,6.540177,35842949499
Lithuania,2012,2988334.0,30653.0,40977.0,145,6.307981,37413912227
Lithuania,2013,2958359.0,30016.0,41468.0,136,6.15501,38928020774
Lithuania,2014,2933171.0,30516.0,40283.0,155,6.2224445,40396597406
Lithuania,2015,2905771.0,31732.0,41814.0,165,6.4739685,41540954817
Lithuania,2016,2869109.0,31113.0,41170.0,166,6.649288,42650896790
Lithuania,2017,2829317.0,29217.0,40111.0,107,6.4447284,44618059836
Lithuania,2018,2802485.0,28319.0,39598.0,117,6.4689617,46812540124
Lithuania,2019,2795057.0,27513.0,38283.0,102,6.9447265,49002127329
Lithuania,2020,2795766.0,25191.0,43556.0,84,7.4161906,49023107998
Lithuania,2021,2794490.0,22978.0,46698.0,87,7.732108,52158046400
Lithuania,2022,2816923.0,21556.0,44731.0,91,7.2436795,53443909218
Luxembourg,2000,436142.0,5564.0,3876.0,42,5.9253387,40372208709
Luxembourg,2001,441754.0,5418.0,3809.0,43,6.3819394,41613361510
Luxembourg,2002,446392.0,5311.0,3837.0,42,6.7609997,42955512461
Luxembourg,2003,451845.0,5240.0,4168.0,41,6.9622145,44080624812
Luxembourg,2004,458305.0,5381.0,3686.0,37,7.2793355,45945534515
Luxembourg,2005,465369.0,5291.0,3734.0,23,7.123282,47086134704
Luxembourg,2006,472869.0,5427.0,3864.0,28,6.636421,49919131984
Luxembourg,2007,480277.0,5387.0,3943.0,21,6.158031,53961843361
Luxembourg,2008,488995.0,5477.0,3686.0,17,6.231011,53798731288
Luxembourg,2009,498196.0,5550.0,3768.0,29,6.9499316,52056215834
Luxembourg,2010,507418.0,5757.0,3858.0,26,6.66263,54013740787
Luxembourg,2011,518583.0,5524.0,3910.0,38,5.9522533,54577798723
Luxembourg,2012,530951.0,5905.0,3989.0,28,5.294043,55478174860
Luxembourg,2013,543358.0,5996.0,3913.0,35,5.235574,57237767886
Luxembourg,2014,556285.0,5955.0,3937.0,25,5.230409,58739165125
Luxembourg,2015,569540.0,5992.0,4097.0,32,5.0811357,60071584216
Luxembourg,2016,583511.0,5967.0,4069.0,33,5.0710387,63062062097
Luxembourg,2017,596506.0,6058.0,4383.0,35,5.1353536,63892664765
Luxembourg,2018,608109.0,6153.0,4411.0,37,5.273552,64922166578
Luxembourg,2019,620167.0,6138.0,4410.0,45,5.466403,66707085285
Luxembourg,2020,630597.0,6389.0,4718.0,43,5.7671175,66366844706
Luxembourg,2021,640276.0,6581.0,4593.0,35,5.608061,70965889651
Luxembourg,2022,653315.0,6716.0,4550.0,36,5.609269,70187101063
Madagascar,2000,16516336.0,693681.0,172814.0,72167,3.9917762,7688842733
Madagascar,2001,17032933.0,700327.0,170673.0,69471,4.1151385,8148653656
Madagascar,2002,17549915.0,705543.0,170027.0,67238,4.9286695,7137571065
Madagascar,2003,18071860.0,714080.0,169163.0,64943,5.0027657,7835974694
Madagascar,2004,18606606.0,725220.0,168889.0,63115,5.2509003,8247912168
Madagascar,2005,19159711.0,736608.0,168478.0,61305,5.215578,8640170094
Madagascar,2006,19730916.0,749906.0,168417.0,59811,5.0720387,9106610406
Madagascar,2007,20318590.0,767102.0,169345.0,58824,4.608658,9626649240
Madagascar,2008,20923842.0,785413.0,169843.0,57991,4.081118,10272850829
Madagascar,2009,21547277.0,805777.0,171786.0,57586,4.3846984,9864124029
Madagascar,2010,22183343.0,815149.0,173602.0,56993,4.6976266,9925206605
Madagascar,2011,22822305.0,815913.0,175338.0,56157,4.521595,10081868751
Madagascar,2012,23462444.0,822622.0,178361.0,55749,3.9110591,10385448752
Madagascar,2013,24109290.0,835927.0,181697.0,55739,3.751563,10624353147
Madagascar,2014,24764356.0,846452.0,185596.0,55823,4.462403,10979121878
Madagascar,2015,25426703.0,858677.0,189709.0,56215,5.006254,11323020701
Madagascar,2016,26099950.0,877298.0,194494.0,56965,5.3324885,11775165456
Madagascar,2017,26788379.0,899885.0,200374.0,58263,4.8022594,12238318933
Madagascar,2018,27494930.0,925221.0,205948.0,59645,4.221604,12629254472
Madagascar,2019,28219559.0,948017.0,212167.0,61085,3.101293,13186360203
Madagascar,2020,28953560.0,964457.0,227843.0,62308,3.7231612,12245161113
Madagascar,2021,29691087.0,977163.0,235760.0,63241,3.5533555,12814644792
Madagascar,2022,30437261.0,989140.0,235226.0,64157,3.1494806,13344855250
Malawi,2000,11315947.0,504370.0,203933.0,82694,2.3524752,4736773940
Malawi,2001,11593057.0,512168.0,201335.0,77941,2.0604005,4501121160
Malawi,2002,11880443.0,522207.0,199339.0,73722,2.6972597,4577640221
Malawi,2003,12181575.0,534862.0,193728.0,68653,3.320198,4838823865
Malawi,2004,12500736.0,549595.0,188453.0,64761,4.071999,5101112194
Malawi,2005,12840034.0,564999.0,183871.0,61562,4.300465,5267853576
Malawi,2006,13198699.0,577507.0,180381.0,58761,4.912233,5515442681
Malawi,2007,13576344.0,587503.0,177207.0,56237,5.4425836,6044925172
Malawi,2008,13976415.0,594896.0,173106.0,53804,6.106688,6506741521
Malawi,2009,14395788.0,600959.0,166144.0,51334,5.873338,7048630103
Malawi,2010,14826466.0,603227.0,158768.0,48492,5.143048,7533157578
Malawi,2011,15265026.0,605872.0,151722.0,45505,5.3222666,7904743381
Malawi,2012,15709577.0,605829.0,145130.0,42404,6.021998,8054933506
Malawi,2013,16161816.0,609651.0,139361.0,39629,8.223795,8490733601
Malawi,2014,16621534.0,606730.0,134316.0,36803,6.897762,8968360291
Malawi,2015,17085587.0,603052.0,130571.0,34405,6.628791,9219474379
Malawi,2016,17557741.0,600917.0,126123.0,32121,7.727038,9449961238
Malawi,2017,18039714.0,607619.0,122949.0,30584,7.584389,9827959688
Malawi,2018,18528086.0,615627.0,121283.0,29452,6.882499,10255826273
Malawi,2019,19025748.0,625978.0,119877.0,28421,6.3702173,10842133933
Malawi,2020,19533885.0,635555.0,120892.0,27477,7.0385957,10928176721
Malawi,2021,20047264.0,642826.0,125442.0,26526,7.516463,11426314939
Malawi,2022,20568731.0,652812.0,119362.0,26238,6.625276,11531564448
Malaysia,2000,22967817.0,519149.0,101767.0,5353,2.5146337,148271359064
Malaysia,2001,23526535.0,503496.0,102546.0,4931,2.6753974,149038923296
Malaysia,2002,24102477.0,484203.0,103125.0,4556,2.6687655,157073594223
Malaysia,2003,24679604.0,482490.0,105064.0,4355,2.9241707,166165798103
Malaysia,2004,25256773.0,471853.0,106718.0,4174,2.8601694,177437551536
Malaysia,2005,25836075.0,463500.0,108175.0,4020,2.786927,186898768708
Malaysia,2006,26417909.0,459539.0,110025.0,3948,3.1089773,197336779111
Malaysia,2007,26998383.0,461421.0,112729.0,3953,3.0704114,209766600383
Malaysia,2008,27570052.0,478520.0,116134.0,4003,3.0069256,219902039818
Malaysia,2009,28124779.0,486290.0,120128.0,4023,3.261057,216573759299
Malaysia,2010,28655772.0,484452.0,124184.0,3979,3.1647427,232654030399
Malaysia,2011,29162034.0,501172.0,128339.0,4063,3.3145192,244970531973
Malaysia,2012,29662835.0,504320.0,132822.0,4077,3.4578636,258378881826
Malaysia,2013,30174269.0,505751.0,139008.0,4108,3.5127692,270506469604
Malaysia,2014,30696133.0,513359.0,145789.0,4168,3.7103696,286755041078
Malaysia,2015,31232796.0,510212.0,151911.0,4168,3.8220148,301355266964
Malaysia,2016,31789692.0,501915.0,156255.0,4142,3.7008533,314764917575
Malaysia,2017,32355642.0,495979.0,159558.0,4120,3.714723,333061328477
Malaysia,2018,32910963.0,487355.0,162775.0,4055,3.7594428,349191778300
Malaysia,2019,33440590.0,475958.0,166533.0,3953,3.8399105,364602265936
Malaysia,2020,33889554.0,453893.0,170581.0,3746,4.0825434,344706479641
Malaysia,2021,34282404.0,424571.0,212600.0,3515,4.3743834,356134704342
Malaysia,2022,34695494.0,430022.0,192461.0,3455,3.9003782,388299855024
Maldives,2000,282025.0,5617.0,1244.0,226,7.7365584,1984591804
Maldives,2001,286778.0,5479.0,1204.0,195,8.21365,1906326757
Maldives,2002,291631.0,5443.0,1187.0,171,8.784402,2044885954
Maldives,2003,296497.0,5470.0,1151.0,153,6.7785754,2326058788
Maldives,2004,301416.0,5524.0,1234.0,153,7.4835696,2463875271
Maldives,2005,306429.0,5614.0,1123.0,124,8.827534,2188480301
Maldives,2006,313866.0,5906.0,1147.0,116,8.04819,2705624149
Maldives,2007,324489.0,6475.0,1150.0,113,8.305681,2898626608
Maldives,2008,336178.0,7027.0,1171.0,111,11.471042,3158820509
Maldives,2009,348282.0,7407.0,1182.0,107,10.092881,2895352810
Maldives,2010,360802.0,7536.0,1187.0,102,8.48759,3091816044
Maldives,2011,373683.0,7623.0,1193.0,97,7.922516,3365238508
Maldives,2012,386821.0,7649.0,1202.0,92,8.673048,3445643747
Maldives,2013,400077.0,7523.0,1217.0,86,8.155093,3685976098
Maldives,2014,413623.0,7346.0,1222.0,78,7.9134507,3975719121
Maldives,2015,428165.0,7135.0,1227.0,70,8.683106,4129505319
Maldives,2016,443316.0,6877.0,1225.0,63,10.233371,4392772972
Maldives,2017,458297.0,6573.0,1234.0,56,9.149483,4703536561
Maldives,2018,473106.0,6337.0,1247.0,50,7.2940383,5106580520
Maldives,2019,487737.0,6144.0,1257.0,44,7.502381,5460112147
Maldives,2020,502127.0,6081.0,1490.0,43,11.439432,3663253190
Maldives,2021,516163.0,6036.0,1603.0,37,8.851695,5037261439
Maldives,2022,524116.0,5973.0,1219.0,35,7.4997015,5733717715
Mali,2000,11559291.0,544335.0,185183.0,97394,5.466337,7889185607
Mali,2001,11912162.0,561537.0,185061.0,97590,4.5195208,9136152788
Mali,2002,12288051.0,581816.0,185077.0,97790,4.99776,9413551548
Mali,2003,12684951.0,603368.0,185612.0,98055,5.0506144,10335808731
Mali,2004,13102415.0,625950.0,186241.0,98265,5.217687,10488502207
Mali,2005,13538648.0,648384.0,187422.0,98477,5.195173,10754740076
Mali,2006,13990143.0,665964.0,188296.0,98305,5.455902,11151547252
Mali,2007,14457776.0,685214.0,189413.0,98030,5.2530427,11347819622
Mali,2008,14940786.0,705248.0,190581.0,97681,5.0268807,11760733949
Mali,2009,15435536.0,725696.0,191964.0,97466,5.212257,12402250894
Mali,2010,15945201.0,747705.0,193249.0,97237,4.6786714,13093898208
Mali,2011,16469054.0,765429.0,194536.0,96868,4.01485,13478253743
Mali,2012,16957039.0,784755.0,196004.0,96410,3.75218,13333713052
Mali,2013,17459619.0,793729.0,195854.0,95314,3.9640858,13772483870
Mali,2014,18020267.0,810613.0,196181.0,94368,4.481583,14668058747
Mali,2015,18593022.0,826908.0,196904.0,93492,4.1114335,15583181170
Mali,2016,19191298.0,842699.0,197047.0,92484,3.7737756,16518961030
Mali,2017,19813016.0,860760.0,198779.0,91774,3.6742575,17406945659
Mali,2018,20442031.0,870518.0,199805.0,90654,3.732511,18254289663
Mali,2019,21068405.0,866734.0,199617.0,88583,3.829438,19167003985
Mali,2020,21713837.0,889380.0,206316.0,87420,3.5062337,18942920942
Mali,2021,22388637.0,911381.0,207688.0,86441,3.5431867,19530329790
Mali,2022,23072641.0,930870.0,204388.0,86121,3.7217011,20253575064
Malta,2000,399905.0,4490.0,3138.0,31,6.6262136,6701058569
Malta,2001,402788.0,4059.0,2887.0,26,7.029712,6650317909
Malta,2002,405571.0,4003.0,3115.0,28,7.733333,6832612103
Malta,2003,408236.0,4099.0,3110.0,26,7.939175,7084961694
Malta,2004,410800.0,3954.0,3075.0,31,8.039668,7113822599
Malta,2005,413324.0,3936.0,3055.0,28,8.694976,7318788654
Malta,2006,415463.0,3911.0,3148.0,18,8.846597,7489769368
Malta,2007,417201.0,3923.0,3118.0,27,8.18594,7866984246
Malta,2008,418969.0,4133.0,3191.0,42,7.8249016,8213965209
Malta,2009,420800.0,4139.0,3135.0,26,7.8885427,8099359895
Malta,2010,422654.0,4047.0,2910.0,26,7.898572,8601305558
Malta,2011,424635.0,4262.0,3184.0,31,8.318167,8686647864
Malta,2012,426616.0,4213.0,3226.0,26,8.249214,9042945893
Malta,2013,428457.0,4067.0,3121.0,30,8.303196,9611958233
Malta,2014,434494.0,4113.0,3045.0,23,8.88464,10345481640
Malta,2015,444978.0,4231.0,3098.0,28,8.701998,11340789705
Malta,2016,455276.0,4361.0,3136.0,35,8.699281,11803267588
Malta,2017,467902.0,4205.0,3159.0,32,8.313663,13334309857
Malta,2018,484560.0,4286.0,3364.0,28,8.112696,14292941962
Malta,2019,504017.0,4241.0,3527.0,35,8.892822,14876816607
Malta,2020,518212.0,4393.0,3926.0,20,9.854035,14362483056
Malta,2021,524383.0,4345.0,4008.0,19,9.527821,16280015568
Malta,2022,528194.0,4285.0,4110.0,37,9.091054,16702118564
Marshall Islands,2000,50721.0,1935.0,344.0,79,13.524676,154176500
Marshall Islands,2001,51137.0,1934.0,335.0,79,11.189654,164861000
Marshall Islands,2002,51441.0,1934.0,336.0,78,12.066346,170855000
Marshall Islands,2003,51657.0,1941.0,340.0,78,13.332434,168186800
Marshall Islands,2004,51803.0,1938.0,341.0,76,14.151281,167500000
Marshall Islands,2005,51928.0,1930.0,346.0,76,18.452932,170500000
Marshall Islands,2006,52011.0,1900.0,347.0,73,22.298548,170800000
Marshall Islands,2007,52050.0,1852.0,346.0,71,16.825224,177100000
Marshall Islands,2008,52049.0,1786.0,345.0,69,18.979637,163700000
Marshall Islands,2009,52036.0,1706.0,339.0,65,18.729288,169700000
Marshall Islands,2010,52064.0,1610.0,341.0,61,17.73355,179100000
Marshall Islands,2011,51927.0,1517.0,332.0,58,11.359054,178200000
Marshall Islands,2012,51438.0,1425.0,330.0,55,11.661544,175900000
Marshall Islands,2013,50696.0,1338.0,323.0,50,12.136853,182600000
Marshall Islands,2014,49815.0,1279.0,317.0,47,12.044893,180300000
Marshall Islands,2015,48823.0,1228.0,316.0,44,14.7821,183700000
Marshall Islands,2016,47730.0,1179.0,312.0,41,14.628162,188300000
Marshall Islands,2017,46544.0,1135.0,308.0,37,12.024984,195000000
Marshall Islands,2018,45307.0,1090.0,306.0,35,14.467239,205700000
Marshall Islands,2019,44030.0,1045.0,303.0,33,14.989945,227200000
Marshall Islands,2020,42728.0,1001.0,312.0,30,12.124134,220900000
Marshall Islands,2021,41387.0,959.0,309.0,29,12.492571,225670099
Marshall Islands,2022,40094.0,881.0,277.0,26,13.607968,224089099
Mauritania,2000,2613450.0,99085.0,23156.0,9414,3.3782465,3418147674
Mauritania,2001,2678766.0,101747.0,22978.0,9172,3.571838,3390819795
Mauritania,2002,2738659.0,103671.0,22679.0,8880,4.0022497,3437663426
Mauritania,2003,2802050.0,106230.0,22423.0,8554,4.0325465,3675834015
Mauritania,2004,2868671.0,109792.0,22215.0,8269,3.704295,3849802340
Mauritania,2005,2939060.0,112966.0,22024.0,8025,3.4031265,4179587468
Mauritania,2006,3013659.0,116815.0,21825.0,7793,2.7025275,4945839545
Mauritania,2007,3093065.0,120757.0,21860.0,7628,2.87644,4848435056
Mauritania,2008,3183276.0,124382.0,21947.0,7489,3.0133898,4832382896
Mauritania,2009,3284454.0,128109.0,22835.0,7411,3.1103404,4837112633
Mauritania,2010,3390968.0,132040.0,23920.0,7372,2.6361892,4963856086
Mauritania,2011,3502813.0,136404.0,25239.0,7383,2.4738367,5170987043
Mauritania,2012,3619035.0,140200.0,26709.0,7382,2.6491933,5402130846
Mauritania,2013,3734324.0,143806.0,28250.0,7368,2.8679988,5626363205
Mauritania,2014,3848511.0,146731.0,27943.0,7285,3.467244,5866880289
Mauritania,2015,3965959.0,149827.0,27735.0,7221,3.6736376,6182303676
Mauritania,2016,4086655.0,152849.0,27507.0,7143,3.186995,6260256913
Mauritania,2017,4210603.0,155985.0,27428.0,7074,3.4194756,6652809184
Mauritania,2018,4337685.0,158852.0,27260.0,6977,2.8836255,6970292790
Mauritania,2019,4467714.0,161780.0,27316.0,6891,3.0917659,7189230027
Mauritania,2020,4600136.0,164387.0,29484.0,6797,3.0014784,7163301538
Mauritania,2021,4734874.0,167340.0,29782.0,6697,3.7802253,7216504489
Mauritania,2022,4875644.0,169886.0,27440.0,6594,4.6696267,7706938495
Mauritius,2000,1216632.0,20154.0,7761.0,377,2.8573465,6794249555
Mauritius,2001,1225807.0,19357.0,7868.0,333,2.9215186,7021689826
Mauritius,2002,1234090.0,19546.0,8085.0,319,3.1889727,7135084405
Mauritius,2003,1242094.0,19030.0,8171.0,302,3.1820161,7557869943
Mauritius,2004,1249799.0,18957.0,8274.0,289,3.3165255,7885127212
Mauritius,2005,1257215.0,18421.0,8428.0,283,3.5179403,8025288740
Mauritius,2006,1263785.0,17268.0,8522.0,278,3.6057365,8415762744
Mauritius,2007,1269522.0,16792.0,8664.0,271,3.5232167,8900830661
Mauritius,2008,1274635.0,16048.0,8720.0,255,3.938965,9387088070
Mauritius,2009,1278976.0,15284.0,8873.0,231,4.1703563,9702824740
Mauritius,2010,1282710.0,14941.0,8791.0,221,4.518983,10129431413
Mauritius,2011,1286270.0,14809.0,8760.0,219,4.2505965,10549352323
Mauritius,2012,1289174.0,14764.0,8866.0,214,4.219934,10919700091
Mauritius,2013,1290988.0,14073.0,9058.0,210,4.620821,11290702454
Mauritius,2014,1292006.0,13524.0,9188.0,198,5.3802466,11726268292
Mauritius,2015,1292283.0,12939.0,9401.0,187,5.5504236,12162211503
Mauritius,2016,1291807.0,13198.0,9558.0,184,5.5428953,12634806000
Mauritius,2017,1290654.0,13565.0,9698.0,192,5.5985727,13134438955
Mauritius,2018,1288836.0,13207.0,10314.0,206,5.603102,13675143575
Mauritius,2019,1286269.0,13015.0,10745.0,199,5.6950817,14066792766
Mauritius,2020,1283231.0,13324.0,10588.0,208,6.0960603,12069668892
Mauritius,2021,1279628.0,12954.0,12670.0,191,6.616084,12472565404
Mauritius,2022,1276134.0,12128.0,12246.0,182,5.8420973,13513082163
Mexico,2000,98625553.0,2385977.0,540567.0,66928,4.244365,945027051109
Mexico,2001,100099101.0,2380261.0,543803.0,64012,4.5820136,940766441508
Mexico,2002,101548627.0,2374140.0,553391.0,61210,4.830428,938540700981
Mexico,2003,102978517.0,2351177.0,563140.0,58280,5.539788,949667522087
Mexico,2004,104394131.0,2335226.0,575925.0,55625,5.683502,983527357532
Mexico,2005,105811504.0,2318498.0,585859.0,53204,5.5811014,1004311721038
Mexico,2006,107253666.0,2303997.0,597892.0,50857,5.406479,1052569034983
Mexico,2007,108774356.0,2296268.0,611318.0,48847,5.5066805,1074439987400
Mexico,2008,110374286.0,2297950.0,627177.0,47137,5.4458737,1084575522256
Mexico,2009,111999720.0,2303532.0,642292.0,45610,5.8478646,1016298775542
Mexico,2010,113623898.0,2310124.0,651368.0,44196,5.4897337,1066822388040
Mexico,2011,115243503.0,2315793.0,656666.0,42843,5.30093,1103564231719
Mexico,2012,116818208.0,2319451.0,662847.0,41517,5.421405,1142776194745
Mexico,2013,118343572.0,2314458.0,671786.0,40118,5.5773263,1152513808415
Mexico,2014,119784265.0,2270937.0,683362.0,38277,5.353368,1181370028573
Mexico,2015,121072310.0,2206765.0,698389.0,36172,5.527386,1213294467653
Mexico,2016,122251344.0,2162620.0,717395.0,34306,5.38499,1234800029897
Mexico,2017,123400052.0,2124252.0,740091.0,32584,5.311794,1257912134548
Mexico,2018,124573713.0,2122316.0,756310.0,31321,5.238214,1282719194726
Mexico,2019,125762978.0,2122565.0,765037.0,30194,5.3013463,1277682078136
Mexico,2020,126799053.0,2100438.0,1068730.0,29075,6.052486,1170944075330
Mexico,2021,127648151.0,2087487.0,1150760.0,27958,5.87678,1241768434190
Mexico,2022,128613116.0,2063075.0,838627.0,28309,5.709197,1287835026633
Micronesia (country),2000,112067.0,3602.0,772.0,140,7.7651114,306462262
Micronesia (country),2001,112378.0,3533.0,750.0,130,8.48782,312040376
Micronesia (country),2002,112464.0,3427.0,803.0,141,7.9630136,313423401
Micronesia (country),2003,112298.0,3323.0,761.0,119,9.650283,318948292
Micronesia (country),2004,111939.0,3242.0,767.0,115,12.235387,308772635
Micronesia (country),2005,111420.0,3163.0,770.0,110,17.948448,317243697
Micronesia (country),2006,110739.0,3074.0,779.0,107,10.870187,315932773
Micronesia (country),2007,109896.0,2977.0,779.0,101,11.233342,310689075
Micronesia (country),2008,108947.0,2877.0,778.0,98,12.083267,302823529
Micronesia (country),2009,107968.0,2788.0,774.0,94,12.688541,306756302
Micronesia (country),2010,107559.0,2711.0,764.0,90,13.3306675,312000000
Micronesia (country),2011,107712.0,2665.0,771.0,87,13.222826,323798319
Micronesia (country),2012,107908.0,2629.0,781.0,85,12.390774,318554621
Micronesia (country),2013,108133.0,2598.0,787.0,81,12.21771,306756302
Micronesia (country),2014,108407.0,2578.0,800.0,78,11.834918,298890756
Micronesia (country),2015,108727.0,2563.0,813.0,77,12.623412,312000000
Micronesia (country),2016,109088.0,2547.0,816.0,73,13.334811,315932773
Micronesia (country),2017,109495.0,2537.0,825.0,71,12.407425,322487394
Micronesia (country),2018,109925.0,2534.0,838.0,68,11.939613,323798319
Micronesia (country),2019,110293.0,2525.0,843.0,66,11.8736315,335596638
Micronesia (country),2020,110930.0,2517.0,888.0,63,11.984793,328693310
Micronesia (country),2021,111635.0,2532.0,887.0,62,11.374305,338881815
Micronesia (country),2022,112122.0,2524.0,848.0,59,12.62719,328328611
Moldova,2000,4234969.0,49582.0,50051.0,1520,5.9268727,3939281163
Moldova,2001,4189769.0,48937.0,49972.0,1382,6.2344975,4179577330
Moldova,2002,4142937.0,48403.0,50183.0,1259,7.4043765,4505584348
Moldova,2003,4095418.0,49826.0,50276.0,1187,7.022276,4802952913
Moldova,2004,4046672.0,52540.0,50148.0,1154,8.971149,5158371415
Moldova,2005,3988668.0,52326.0,49560.0,1085,9.558148,5545249279
Moldova,2006,3921320.0,52146.0,48875.0,1022,10.544453,5811421236
Moldova,2007,3851397.0,52729.0,48055.0,981,11.020668,5985763886
Moldova,2008,3779503.0,53882.0,47018.0,954,10.949201,6452653478
Moldova,2009,3706212.0,55412.0,45719.0,941,13.676624,6065494252
Moldova,2010,3631990.0,53699.0,44241.0,890,10.131128,6496144351
Moldova,2011,3557278.0,50741.0,43348.0,830,9.096704,6874100822
Moldova,2012,3482629.0,49632.0,42840.0,798,9.139621,6833561915
Moldova,2013,3408741.0,47022.0,42806.0,755,8.683003,7451580071
Moldova,2014,3342715.0,51128.0,42650.0,795,8.73206,7824131195
Moldova,2015,3287168.0,50054.0,43047.0,776,8.5001335,7797667196
Moldova,2016,3237798.0,48179.0,42884.0,744,7.6210623,8159947934
Moldova,2017,3193500.0,43948.0,42322.0,682,7.127804,8500675703
Moldova,2018,3153779.0,41867.0,42988.0,640,6.7076035,8847128857
Moldova,2019,3112561.0,39334.0,43324.0,596,6.4966245,9161406662
Moldova,2020,3069135.0,37065.0,45289.0,552,7.0048404,8403210632
Moldova,2021,3023780.0,34837.0,50500.0,512,7.7490406,9573777856
Moldova,2022,3039986.0,32056.0,39735.0,466,6.965054,9128802925
Monaco,2000,32477.0,397.0,358.0,3,3.6951785,3909414076
Monaco,2001,32466.0,408.0,351.0,3,3.7540925,3994941645
Monaco,2002,32441.0,368.0,338.0,2,3.8090076,4035949624
Monaco,2003,32396.0,344.0,326.0,2,4.432289,4079842051
Monaco,2004,32329.0,351.0,315.0,2,4.524766,4180633840
Monaco,2005,32235.0,346.0,315.0,2,4.502888,4259874163
Monaco,2006,32083.0,355.0,324.0,2,4.2961125,4507698668
Monaco,2007,31859.0,366.0,341.0,2,3.812329,5158498315
Monaco,2008,31862.0,388.0,344.0,2,4.084344,5197025654
Monaco,2009,32390.0,383.0,356.0,2,4.842222,4607839553
Monaco,2010,33188.0,376.0,390.0,2,4.958329,4703001560
Monaco,2011,33968.0,347.0,435.0,2,4.6354504,5033263116
Monaco,2012,34738.0,357.0,500.0,2,4.7567677,5084210733
Monaco,2013,35476.0,359.0,571.0,2,4.5739613,5571130593
Monaco,2014,36155.0,386.0,647.0,2,4.4414835,5971529297
Monaco,2015,36785.0,389.0,710.0,2,4.314868,6264753585
Monaco,2016,37301.0,401.0,774.0,2,4.1231184,6453225163
Monaco,2017,37700.0,377.0,792.0,2,4.1611953,6246322939
Monaco,2018,38179.0,389.0,807.0,2,4.047868,6602232250
Monaco,2019,38131.0,380.0,850.0,2,3.8799381,7072369914
Monaco,2020,38074.0,371.0,811.0,1,4.286527,6136051447
Monaco,2021,38548.0,335.0,937.0,1,3.6749463,7500231633
Monaco,2022,38950.0,338.0,909.0,1,3.3948803,8345229894
Mongolia,2000,2455182.0,51054.0,17381.0,3185,6.0760508,3817248910
Mongolia,2001,2477704.0,50190.0,17344.0,2904,5.4423995,3929961221
Mongolia,2002,2500074.0,48562.0,17488.0,2615,5.49191,4115965440
Mongolia,2003,2521809.0,47027.0,17719.0,2357,4.2976894,4404273778
Mongolia,2004,2542801.0,46781.0,17975.0,2145,4.302045,4872245746
Mongolia,2005,2563466.0,47594.0,17983.0,1987,3.8645627,5225662152
Mongolia,2006,2584761.0,51590.0,17746.0,1927,3.749715,5672782077
Mongolia,2007,2607976.0,57086.0,17357.0,1910,4.0752277,6254129712
Mongolia,2008,2634431.0,62960.0,17270.0,1919,4.55693,6810770268
Mongolia,2009,2665333.0,66143.0,17736.0,1859,4.4598007,6724368909
Mongolia,2010,2701739.0,64164.0,18320.0,1700,3.7394564,7152385862
Mongolia,2011,2745183.0,66823.0,18824.0,1656,3.5861208,8389088993
Mongolia,2012,2795463.0,71536.0,18819.0,1632,3.8580008,9422609644
Mongolia,2013,2851887.0,76956.0,18683.0,1636,4.08932,10520241544
Mongolia,2014,2913041.0,78252.0,18642.0,1582,4.2098975,11349786311
Mongolia,2015,2976528.0,78749.0,18622.0,1515,4.2315454,11619892590
Mongolia,2016,3040815.0,77152.0,18637.0,1421,4.5800858,11793003947
Mongolia,2017,3104371.0,74893.0,18766.0,1325,4.339542,12457761002
Mongolia,2018,3167714.0,74921.0,19014.0,1250,4.534493,13422599720
Mongolia,2019,3232118.0,76120.0,19684.0,1204,4.49498,14174566537
Mongolia,2020,3290786.0,73521.0,21273.0,1117,4.666249,13528524951
Mongolia,2021,3339676.0,70193.0,24665.0,1017,7.2104273,13749955731
Mongolia,2022,3386015.0,67247.0,20081.0,923,8.851702,14441951078
Montenegro,2011,632689.0,7713.0,6174.0,51,7.966922,3790715683
Montenegro,2012,633546.0,7936.0,6186.0,51,8.295505,3696428119
Montenegro,2013,633199.0,7947.0,6309.0,46,8.471446,3821593813
Montenegro,2014,631377.0,7931.0,6393.0,43,8.000868,3912177393
Montenegro,2015,628145.0,7746.0,6524.0,31,9.021888,4010884106
Montenegro,2016,624246.0,7754.0,6631.0,38,8.63303,4148830669
Montenegro,2017,620112.0,7521.0,6696.0,25,7.982554,4282285485
Montenegro,2018,615798.0,7263.0,6716.0,25,8.343555,4484962679
Montenegro,2019,611671.0,7220.0,6885.0,29,8.329832,4682028157
Montenegro,2020,607934.0,7114.0,7519.0,30,11.421776,3980069528
Montenegro,2021,603854.0,7033.0,9135.0,24,10.5838,4499319776
Montenegro,2022,614649.0,7032.0,7333.0,34,10.190818,4847546740
Morocco,2000,28423439.0,644893.0,183547.0,33833,3.6930459,56160912155
Morocco,2001,28814646.0,636432.0,183827.0,31943,3.816012,60497559620
Morocco,2002,29198146.0,630693.0,184541.0,30296,4.0611753,62754238001
Morocco,2003,29571415.0,638403.0,185750.0,29045,4.080375,66626866131
Morocco,2004,29953021.0,649571.0,187816.0,28058,4.232111,69672633474
Morocco,2005,30358145.0,662341.0,188078.0,26930,4.3735065,71896757928
Morocco,2006,30771179.0,672603.0,189409.0,25925,4.5658665,77498104932
Morocco,2007,31186468.0,683664.0,190147.0,24779,4.80759,80164867241
Morocco,2008,31606769.0,690897.0,191139.0,23664,4.8378916,84721870674
Morocco,2009,32030779.0,701896.0,192522.0,22712,5.273122,87895356582
Morocco,2010,32467009.0,710089.0,194274.0,21816,5.4186106,90971304769
Morocco,2011,32912585.0,707816.0,194528.0,20598,5.370194,95997146621
Morocco,2012,33355246.0,699725.0,195014.0,19355,5.39619,98936909179
Morocco,2013,33787573.0,687270.0,194975.0,17955,5.2554054,103015299181
Morocco,2014,34204784.0,676799.0,195522.0,16724,5.416266,105816536606
Morocco,2015,34607590.0,674422.0,196775.0,15751,5.104356,110413823841
Morocco,2016,35023459.0,673304.0,198656.0,14945,5.092034,110989284688
Morocco,2017,35446395.0,670575.0,199580.0,14151,4.989204,116603009678
Morocco,2018,35839760.0,665650.0,201291.0,13432,4.9451666,120177639735
Morocco,2019,36210907.0,661124.0,203826.0,12816,5.020401,123651944968
Morocco,2020,36584208.0,653031.0,237014.0,12198,5.789395,114775951852
Morocco,2021,36954443.0,645134.0,237302.0,11578,5.453145,124135631043
Morocco,2022,37329068.0,635906.0,207991.0,10959,5.75281,126385828220
Mozambique,2000,18129652.0,790145.0,283984.0,133499,2.1425304,5210292403
Mozambique,2001,18537735.0,798466.0,278877.0,127997,2.8009822,5879902615
Mozambique,2002,18958338.0,805208.0,275343.0,123026,3.1865265,6448401314
Mozambique,2003,19392477.0,813926.0,272917.0,118129,3.2509537,6913827631
Mozambique,2004,19840312.0,826112.0,271139.0,113700,3.5306265,7481086789
Mozambique,2005,20304577.0,839720.0,269591.0,109601,4.2143564,7953294766
Mozambique,2006,20787088.0,854709.0,268694.0,105997,3.9455903,8741520167
Mozambique,2007,21287638.0,878497.0,267588.0,103211,3.7995555,9410189984
Mozambique,2008,21819037.0,922442.0,267533.0,102040,4.1349683,10057425620
Mozambique,2009,22391751.0,960777.0,267121.0,101255,5.0556235,10653727556
Mozambique,2010,22999234.0,984504.0,265480.0,99707,5.2924967,11365367724
Mozambique,2011,23649045.0,1003989.0,262694.0,97701,4.921764,12176179697
Mozambique,2012,24337849.0,1022644.0,259557.0,95518,5.140357,13149604768
Mozambique,2013,25051613.0,1040984.0,256342.0,93397,6.0455604,14013719723
Mozambique,2014,25788473.0,1051953.0,252180.0,90761,6.2401304,15093136077
Mozambique,2015,26547576.0,1073209.0,248787.0,88740,6.609729,16208985769
Mozambique,2016,27337107.0,1096020.0,245602.0,86948,7.2150187,16970320249
Mozambique,2017,28166397.0,1119768.0,243156.0,85475,7.8053217,17418032489
Mozambique,2018,29018647.0,1144727.0,241564.0,84422,7.9790335,18025039081
Mozambique,2019,29884378.0,1169000.0,241404.0,83730,7.9020743,18442825951
Mozambique,2020,30783685.0,1192444.0,246483.0,82788,7.5519004,18217911539
Mozambique,2021,31707798.0,1217662.0,266430.0,81846,8.648414,18651030677
Mozambique,2022,32656242.0,1240622.0,236918.0,81122,8.248681,19465951656
Myanmar,2000,45290850.0,1049124.0,452147.0,93604,2.0078197,13523413252
Myanmar,2001,45771140.0,1055461.0,453963.0,91236,2.1620898,15057508855
Myanmar,2002,46232656.0,1058373.0,455495.0,88790,2.5944676,16868251605
Myanmar,2003,46667191.0,1038439.0,456276.0,85234,2.3959713,19203491833
Myanmar,2004,47068779.0,1013424.0,456954.0,81099,2.3325377,21808380518
Myanmar,2005,47438362.0,994616.0,457142.0,77015,2.3447094,24767548771
Myanmar,2006,47785141.0,984324.0,457144.0,73410,2.2655919,28006178558
Myanmar,2007,48125047.0,980431.0,456705.0,70179,2.0360687,31364521323
Myanmar,2008,48390790.0,967497.0,594207.0,99785,2.1217532,34581048770
Myanmar,2009,48660458.0,957663.0,452550.0,63121,2.172837,38229352561
Myanmar,2010,49024376.0,949345.0,451594.0,60122,1.9679378,41912536386
Myanmar,2011,49419825.0,943237.0,450936.0,57314,1.9507781,44256068472
Myanmar,2012,49837451.0,937884.0,450678.0,54665,2.4360523,47501220126
Myanmar,2013,50262658.0,939101.0,451484.0,52385,3.1111202,51503673421
Myanmar,2014,50681635.0,940171.0,452077.0,50340,4.149409,55711475876
Myanmar,2015,51089060.0,950670.0,454923.0,48835,5.1971154,59607290407
Myanmar,2016,51495701.0,955836.0,456297.0,47232,4.7622094,63101751663
Myanmar,2017,51894939.0,951790.0,459518.0,45528,4.692126,66973743448
Myanmar,2018,52272250.0,943745.0,461395.0,43576,4.5351467,71172235145
Myanmar,2019,52640718.0,935659.0,465707.0,41819,3.814466,75854734833
Myanmar,2020,53016525.0,925479.0,476824.0,40003,4.278087,68991135073
Myanmar,2021,53387103.0,918313.0,524224.0,38838,5.5353065,60700903302
Myanmar,2022,53756791.0,909108.0,493467.0,37382,4.491585,63151698289
Namibia,2000,1818650.0,57491.0,22216.0,4369,10.045453,5607973667
Namibia,2001,1857059.0,56604.0,23661.0,4345,10.465676,5674032719
Namibia,2002,1889976.0,56012.0,24072.0,4217,10.478712,5945742924
Namibia,2003,1917469.0,55660.0,24545.0,4095,10.744746,6197830193
Namibia,2004,1942087.0,56160.0,24690.0,3966,10.885438,6958275950
Namibia,2005,1966581.0,57653.0,24743.0,3842,10.825065,7134269025
Namibia,2006,1991890.0,59226.0,24537.0,3712,11.3029,7638888381
Namibia,2007,2018607.0,60516.0,24080.0,3579,11.413729,8049405616
Namibia,2008,2047059.0,61954.0,23808.0,3464,10.67727,8262699735
Namibia,2009,2077400.0,63602.0,23663.0,3388,9.904353,8287154923
Namibia,2010,2109815.0,65416.0,23365.0,3274,10.622789,8787636883
Namibia,2011,2146331.0,66840.0,23284.0,3314,10.860683,9235045191
Namibia,2012,2194656.0,68806.0,22603.0,3247,10.203602,9702493818
Namibia,2013,2252505.0,70227.0,22424.0,3259,10.088876,10247261642
Namibia,2014,2312143.0,71703.0,22118.0,3261,8.40891,10871578021
Namibia,2015,2374305.0,72815.0,21970.0,3252,9.981063,11335161083
Namibia,2016,2439219.0,73932.0,21706.0,3242,9.32231,11338991738
Namibia,2017,2506854.0,74332.0,21359.0,3215,8.713485,11222512162
Namibia,2018,2577327.0,74916.0,20942.0,3195,8.621483,11341464002
Namibia,2019,2650499.0,75237.0,20468.0,3163,8.858058,11246291861
Namibia,2020,2728760.0,75551.0,20516.0,3118,9.560602,10335184546
Namibia,2021,2810552.0,75946.0,25790.0,3094,10.196447,10707646943
Namibia,2022,2889668.0,76123.0,21591.0,3035,9.621988,11285723332
Nauru,2000,10187.0,287.0,79.0,13,18.966713,61821104
Nauru,2001,10147.0,283.0,77.0,11,16.2233,57641293
Nauru,2002,10105.0,280.0,74.0,11,13.808125,51893687
Nauru,2003,10086.0,280.0,72.0,11,9.9744425,52041366
Nauru,2004,10084.0,283.0,73.0,11,6.8788958,49795903
Nauru,2005,10071.0,286.0,72.0,11,10.820818,49795903
Nauru,2006,10061.0,292.0,75.0,11,12.417615,54004007
Nauru,2007,10042.0,305.0,75.0,11,24.23069,42081044
Nauru,2008,10032.0,323.0,75.0,11,23.004093,50497253
Nauru,2009,10041.0,343.0,76.0,12,12.3157625,47691850
Nauru,2010,10067.0,363.0,75.0,12,12.696401,47691850
Nauru,2011,10116.0,372.0,71.0,14,9.971237,54705358
Nauru,2012,10289.0,371.0,66.0,13,8.84149,68031022
Nauru,2013,10539.0,372.0,69.0,13,9.568994,70836425
Nauru,2014,10766.0,373.0,71.0,12,8.121445,82058037
Nauru,2015,10975.0,375.0,72.0,12,13.913319,84863440
Nauru,2016,11173.0,374.0,74.0,11,10.952517,88370194
Nauru,2017,11351.0,365.0,76.0,11,11.488645,82759388
Nauru,2018,11499.0,352.0,77.0,10,11.090157,82058037
Nauru,2019,11609.0,343.0,77.0,10,11.561557,89071545
Nauru,2020,11665.0,334.0,76.0,8,11.556502,90474246
Nauru,2021,11727.0,325.0,80.0,8,10.853991,97487754
Nauru,2022,11822.0,314.0,78.0,8,18.342293,97487754
Nepal,2000,24546509.0,759927.0,205423.0,60684,3.1329207,13432367221
Nepal,2001,24946755.0,742840.0,200715.0,56180,3.812299,14077106359
Nepal,2002,25328989.0,725448.0,200413.0,52165,3.9386334,14094019042
Nepal,2003,25688762.0,712403.0,195832.0,48467,3.856073,14650033415
Nepal,2004,26016652.0,698220.0,193353.0,45079,4.046299,15336036356
Nepal,2005,26309462.0,679767.0,190671.0,41806,3.9509532,15869604827
Nepal,2006,26565430.0,662426.0,187100.0,38866,3.5440245,16403555897
Nepal,2007,26788498.0,652335.0,187548.0,36472,3.6729748,16963173094
Nepal,2008,26990036.0,640452.0,188085.0,34138,3.8175635,17998713599
Nepal,2009,27173035.0,631403.0,190088.0,32172,3.9017951,18814609456
Nepal,2010,27341955.0,624784.0,192149.0,30317,4.3613153,19720799061
Nepal,2011,27464499.0,622163.0,192204.0,28727,4.452202,20395607080
Nepal,2012,27534916.0,623697.0,193558.0,27350,4.4907875,21348110877
Nepal,2013,27589997.0,619613.0,194814.0,25987,4.63013,22100664484
Nepal,2014,27672373.0,619578.0,196401.0,24835,5.075494,23429242138
Nepal,2015,27823631.0,616049.0,205492.0,24778,5.4661555,24360801286
Nepal,2016,27955471.0,613425.0,197509.0,22257,5.42379,24466311259
Nepal,2017,28011258.0,604268.0,198048.0,20973,4.7217402,26662720369
Nepal,2018,28079688.0,593089.0,198515.0,19593,4.528454,28695053195
Nepal,2019,28414066.0,586696.0,199575.0,18541,4.445247,30605298792
Nepal,2020,28966580.0,584195.0,210632.0,17711,5.2080965,29880069318
Nepal,2021,29475016.0,579915.0,228750.0,16694,5.534983,31325711777
Nepal,2022,29715435.0,583699.0,204695.0,16030,6.529503,33089761144
Netherlands,2000,16058757.0,208618.0,140610.0,1298,7.703824,647615764135
Netherlands,2001,16182705.0,204850.0,140384.0,1297,8.041769,662663663969
Netherlands,2002,16288060.0,203847.0,142560.0,1239,8.6187935,664292686855
Netherlands,2003,16366914.0,201574.0,141893.0,1155,9.019793,664942730062
Netherlands,2004,16425562.0,195452.0,136529.0,1043,9.071567,678349859387
Netherlands,2005,16465707.0,189568.0,136474.0,1119,9.059846,692147602470
Netherlands,2006,16493851.0,186520.0,135429.0,995,9.035755,716630910947
Netherlands,2007,16531360.0,182610.0,132982.0,885,9.000522,744475056649
Netherlands,2008,16597259.0,185160.0,135097.0,856,9.218193,760233696247
Netherlands,2009,16684148.0,185665.0,134193.0,851,9.90839,732368991449
Netherlands,2010,16771232.0,185182.0,136031.0,836,10.094522,742031522823
Netherlands,2011,16851061.0,181222.0,135660.0,753,10.145378,755189991605
Netherlands,2012,16915191.0,177354.0,140720.0,776,10.454673,747805546601
Netherlands,2013,16967066.0,173286.0,141020.0,741,10.502474,747579402588
Netherlands,2014,17030085.0,176448.0,139228.0,741,10.456996,759634560414
Netherlands,2015,17107429.0,172414.0,147135.0,661,10.18858,775743675302
Netherlands,2016,17204693.0,173884.0,148977.0,706,9.891484,794549879151
Netherlands,2017,17315376.0,171568.0,150189.0,697,9.937125,816650350359
Netherlands,2018,17421285.0,170390.0,153486.0,681,9.85084,835096289734
Netherlands,2019,17537505.0,171329.0,151972.0,723,9.936163,854304853959
Netherlands,2020,17636732.0,171111.0,168611.0,739,10.949547,821260366624
Netherlands,2021,17730565.0,182048.0,170891.0,696,11.13499,872809532457
Netherlands,2022,17904421.0,172487.0,166817.0,695,10.031092,916513152781
New Zealand,2000,3857576.0,56573.0,26863.0,433,7.4699597,118968749812
New Zealand,2001,3891763.0,55577.0,28096.0,373,7.578936,123032216234
New Zealand,2002,3951116.0,53577.0,28330.0,370,7.9003425,128833364776
New Zealand,2003,4022585.0,55356.0,28334.0,353,7.7217994,134921868357
New Zealand,2004,4083912.0,57350.0,28713.0,383,7.900957,140440895647
New Zealand,2005,4135002.0,57243.0,27423.0,360,8.273247,145149814895
New Zealand,2006,4181943.0,58877.0,28587.0,362,8.638467,149176913569
New Zealand,2007,4223270.0,63621.0,28855.0,403,8.3289995,153746384754
New Zealand,2008,4261819.0,64045.0,29556.0,376,8.651337,152169544390
New Zealand,2009,4304304.0,62332.0,29371.0,373,9.135664,152108281106
New Zealand,2010,4347766.0,63378.0,28833.0,386,9.095111,154347048879
New Zealand,2011,4382699.0,61336.0,30550.0,340,9.107482,157657022029
New Zealand,2012,4411682.0,60876.0,30497.0,318,9.202432,161287176327
New Zealand,2013,4453857.0,58405.0,29815.0,303,8.939355,165423928008
New Zealand,2014,4522976.0,56707.0,31392.0,375,8.972041,171742023963
New Zealand,2015,4614035.0,59854.0,31898.0,304,8.889206,178147457242
New Zealand,2016,4714768.0,58552.0,31403.0,245,8.76869,184816451391
New Zealand,2017,4812749.0,58574.0,33627.0,274,8.617958,190944384995
New Zealand,2018,4900840.0,57387.0,33626.0,263,8.56967,197287932986
New Zealand,2019,4989410.0,58824.0,34371.0,326,8.618987,201872346390
New Zealand,2020,5069895.0,57391.0,32749.0,257,9.252402,201386003376
New Zealand,2021,5107694.0,58853.0,35077.0,323,9.550724,210043909984
New Zealand,2022,5131731.0,58955.0,41114.0,365,10.568146,217070337673
Nicaragua,2000,5022636.0,140057.0,30866.0,5414,5.238837,7324881903
Nicaragua,2001,5087827.0,137546.0,30440.0,5045,5.4845977,7541760192
Nicaragua,2002,5149914.0,135342.0,29526.0,4702,5.7331586,7598620454
Nicaragua,2003,5210970.0,135094.0,28953.0,4438,6.083176,7790161379
Nicaragua,2004,5272909.0,135380.0,28479.0,4220,6.0574036,8203988039
Nicaragua,2005,5342108.0,136819.0,27834.0,4041,6.2246895,8555315487
Nicaragua,2006,5418857.0,137789.0,27719.0,3871,6.3575644,8910613085
Nicaragua,2007,5497247.0,138398.0,28055.0,3769,6.9564304,9362947172
Nicaragua,2008,5576597.0,138818.0,28421.0,3573,7.167007,9684631534
Nicaragua,2009,5656602.0,139213.0,28998.0,3419,7.685844,9365749046
Nicaragua,2010,5737451.0,139679.0,29201.0,3324,7.7101917,9778787862
Nicaragua,2011,5819051.0,139419.0,29385.0,3158,7.44982,10396483140
Nicaragua,2012,5901290.0,139361.0,29293.0,3029,7.488369,11071852873
Nicaragua,2013,5983852.0,138841.0,29816.0,2913,7.6386924,11617373486
Nicaragua,2014,6066493.0,138535.0,30116.0,2786,7.9771614,12173318263
Nicaragua,2015,6149417.0,138051.0,30701.0,2675,7.9630327,12756696261
Nicaragua,2016,6232664.0,137493.0,30905.0,2569,8.048776,13338803114
Nicaragua,2017,6316235.0,136727.0,31261.0,2476,8.327544,13956550774
Nicaragua,2018,6400074.0,135740.0,30926.0,2369,8.4993515,13487142194
Nicaragua,2019,6483660.0,134914.0,32095.0,2277,8.500371,13096437236
Nicaragua,2020,6565267.0,134259.0,43752.0,2185,8.557393,12803529948
Nicaragua,2021,6644745.0,133188.0,43972.0,2097,9.549849,14142060746
Nicaragua,2022,6730662.0,132560.0,31572.0,2017,8.978827,14644142761
Niger,2000,11509634.0,614503.0,203712.0,134131,4.658915,4522117708
Niger,2001,11920648.0,631976.0,203549.0,131697,4.7265935,4850791323
Niger,2002,12349150.0,649336.0,202566.0,128678,4.8271704,5089376067
Niger,2003,12796979.0,667720.0,200421.0,125113,4.7474065,5199846593
Niger,2004,13265843.0,686849.0,198530.0,121702,4.9781833,5218763717
Niger,2005,13756192.0,707304.0,196139.0,118252,5.8774962,5601396628
Niger,2006,14268583.0,727220.0,193865.0,115113,5.9933558,5933618261
Niger,2007,14803604.0,748968.0,192157.0,112566,5.431059,6120095511
Niger,2008,15361921.0,770730.0,191015.0,110708,5.246406,6593265446
Niger,2009,15943673.0,794002.0,191320.0,109855,5.3385015,6722664934
Niger,2010,16548833.0,816735.0,192042.0,109442,4.9610047,7299346341
Niger,2011,17176286.0,838594.0,193421.0,109586,4.8732386,7471447186
Niger,2012,17836770.0,860043.0,196024.0,110461,4.307327,8259606009
Niger,2013,18519899.0,885168.0,199104.0,111719,4.46636,8698614858
Niger,2014,19215917.0,906992.0,202368.0,113160,4.4537716,9276388744
Niger,2015,19939496.0,928715.0,207093.0,114869,5.3474593,9683867926
Niger,2016,20685758.0,949088.0,210085.0,116404,4.5323906,10098470683
Niger,2017,21435449.0,965813.0,213441.0,117737,5.576096,10657116598
Niger,2018,22188074.0,980292.0,216759.0,118700,5.303108,11391880476
Niger,2019,22947765.0,995141.0,219688.0,119331,5.666421,12084371848
Niger,2020,23717615.0,1010377.0,225947.0,119759,6.1701226,12622708625
Niger,2021,24502145.0,1027422.0,233990.0,120330,5.8145275,12763477152
Niger,2022,25311978.0,1061832.0,232185.0,121431,4.349805,14323371862
Nigeria,2000,126382490.0,5547161.0,2203966.0,967366,3.1973834,179675448843
Nigeria,2001,129862594.0,5705335.0,2227031.0,966163,3.1894686,190308075298
Nigeria,2002,133471995.0,5848982.0,2242262.0,961805,2.4906397,219480696548
Nigeria,2003,137202646.0,5997118.0,2245989.0,955898,5.05361,235606371240
Nigeria,2004,141057045.0,6132384.0,2254941.0,951687,4.633684,257401275803
Nigeria,2005,145017256.0,6289434.0,2275676.0,944732,4.4659195,273974099482
Nigeria,2006,149077335.0,6435928.0,2300286.0,938338,4.2577515,290575362867
Nigeria,2007,153267254.0,6574697.0,2309240.0,932411,3.9099724,309727563830
Nigeria,2008,157595014.0,6745470.0,2332620.0,930504,3.6958153,330679000570
Nigeria,2009,162049466.0,6886601.0,2358476.0,930098,3.580197,357255424171
Nigeria,2010,166642888.0,7022105.0,2392924.0,930912,3.2965329,385856064172
Nigeria,2011,171379602.0,7162528.0,2434061.0,933320,3.3207793,406337011591
Nigeria,2012,176200627.0,7244727.0,2470094.0,933704,3.3598425,423525315758
Nigeria,2013,181049440.0,7321803.0,2510138.0,933036,3.4206934,451780110047
Nigeria,2014,185896917.0,7415859.0,2553399.0,934264,3.3484042,480286163931
Nigeria,2015,190671883.0,7426774.0,2603769.0,928185,3.58195,493026682800
Nigeria,2016,195443698.0,7382060.0,2620524.0,913578,3.6477368,485055087455
Nigeria,2017,200254580.0,7347957.0,2641676.0,897371,3.747625,488964081501
Nigeria,2018,204938752.0,7314240.0,2654288.0,877160,3.0906935,498365674277
Nigeria,2019,209485637.0,7266105.0,2656000.0,852060,2.9854705,509371727741
Nigeria,2020,213996185.0,7218484.0,2693279.0,825599,3.3806343,476930359899
Nigeria,2021,218529286.0,7330875.0,2689258.0,806738,4.076257,482220722032
Nigeria,2022,223150906.0,7406815.0,2667409.0,787808,4.0426903,503047012789
North Macedonia,2000,2057254.0,29766.0,18013.0,460,8.869915,6653275727
North Macedonia,2001,2066300.0,27656.0,17566.0,407,8.381592,6449202687
North Macedonia,2002,2074482.0,28591.0,18549.0,391,8.97827,6545532200
North Macedonia,2003,2081417.0,28012.0,18461.0,414,9.008577,6691013307
North Macedonia,2004,2086581.0,24498.0,18184.0,372,8.4650545,7003757263
North Macedonia,2005,2089809.0,23641.0,18628.0,340,7.6790752,7334620965
North Macedonia,2006,2089232.0,24414.0,18704.0,317,7.383146,7711402289
North Macedonia,2007,2081972.0,24555.0,19454.0,285,6.5706534,8210598903
North Macedonia,2008,2070837.0,24707.0,18734.0,271,6.553176,8659882989
North Macedonia,2009,2060601.0,25389.0,18730.0,340,6.528464,8628827362
North Macedonia,2010,2051510.0,26063.0,18792.0,217,6.713697,8918648175
North Macedonia,2011,2040445.0,24390.0,19246.0,207,6.5188737,9127334379
North Macedonia,2012,2027288.0,25148.0,19642.0,281,6.6146836,9085697011
North Macedonia,2013,2013280.0,24529.0,18663.0,273,6.7192836,9351477059
North Macedonia,2014,1997842.0,24809.0,19139.0,267,6.2899337,9690853712
North Macedonia,2015,1980366.0,24296.0,19762.0,233,6.342279,10064519962
North Macedonia,2016,1961268.0,24258.0,19847.0,314,6.3794336,10351178142
North Macedonia,2017,1940877.0,22977.0,19771.0,231,6.4390945,10463154366
North Macedonia,2018,1919730.0,22543.0,18939.0,142,6.4569936,10764555646
North Macedonia,2019,1897643.0,20958.0,19661.0,140,7.066541,11185494933
North Macedonia,2020,1872021.0,20045.0,24935.0,129,7.732124,10661068595
North Macedonia,2021,1851109.0,19383.0,27375.0,104,8.418512,11141955229
North Macedonia,2022,1840236.0,18639.0,21619.0,69,7.4216475,11449348867
Norway,2000,4490864.0,59170.0,44037.0,286,7.702706,303640301715
Norway,2001,4513650.0,56679.0,43948.0,272,8.009725,310209362458
Norway,2002,4538016.0,55283.0,44482.0,258,8.982671,314730598340
Norway,2003,4564666.0,56304.0,42466.0,252,9.193551,318181171842
Norway,2004,4591739.0,56726.0,41225.0,230,8.795983,331958912872
Norway,2005,4623120.0,56454.0,41199.0,222,8.298995,341817216114
Norway,2006,4660487.0,58056.0,41214.0,227,7.8823,351549653857
Norway,2007,4709017.0,57832.0,41817.0,215,8.01674,363573710884
Norway,2008,4768097.0,59691.0,41641.0,203,7.9150767,366565216453
Norway,2009,4828625.0,61036.0,41358.0,227,9.032541,360651524216
Norway,2010,4889160.0,60651.0,41440.0,199,8.858115,364275829281
Norway,2011,4952969.0,59454.0,41382.0,173,8.73474,369321235919
Norway,2012,5018453.0,59462.0,41895.0,181,8.721886,379750707834
Norway,2013,5080126.0,58331.0,41131.0,174,8.874313,384584561342
Norway,2014,5137397.0,58538.0,40416.0,171,9.282979,392642430455
Norway,2015,5189777.0,58610.0,40757.0,169,10.069922,400669174330
Norway,2016,5235974.0,58544.0,40644.0,151,10.530498,405844166612
Norway,2017,5276807.0,56370.0,40712.0,160,10.229836,416678764070
Norway,2018,5311751.0,54921.0,40811.0,142,9.960379,421305528551
Norway,2019,5347733.0,54260.0,40591.0,141,10.438075,427497488848
Norway,2020,5379275.0,53029.0,40593.0,113,11.424164,421681140844
Norway,2021,5408082.0,56033.0,41912.0,123,9.814264,439152009907
Norway,2022,5456796.0,51078.0,45619.0,120,7.9087305,457071158448
Oman,2000,2282139.0,54409.0,7199.0,912,2.6848543,45372727044
Oman,2001,2310223.0,53724.0,7071.0,847,2.7007372,47465846485
Oman,2002,2337144.0,53361.0,6964.0,796,2.7773716,47093635557
Oman,2003,2363801.0,53151.0,6876.0,762,2.7752445,46060087700
Oman,2004,2404822.0,52390.0,6736.0,711,2.596601,46977841907
Oman,2005,2459808.0,51491.0,6801.0,682,2.2647905,48283564529
Oman,2006,2514794.0,50825.0,6856.0,659,2.0198512,50538317581
Oman,2007,2570175.0,51169.0,6959.0,670,2.113711,53055456656
Oman,2008,2626536.0,54029.0,6887.0,665,1.7556757,57803951303
Oman,2009,2684665.0,58852.0,6845.0,701,2.469458,61261764565
Oman,2010,2757450.0,64393.0,6775.0,746,2.4758859,62776154506
Oman,2011,3076762.0,66403.0,6715.0,764,2.236114,64593279186
Oman,2012,3547104.0,73376.0,7808.0,829,2.2770283,70318260489
Oman,2013,3833915.0,80308.0,8402.0,882,2.505401,73994291063
Oman,2014,4002444.0,84715.0,8454.0,922,3.1374013,74950483987
Oman,2015,4184898.0,87851.0,8604.0,952,4.0782623,78710793237
Oman,2016,4390880.0,90204.0,8861.0,971,4.1758084,82682873555
Oman,2017,4537397.0,91449.0,9042.0,977,3.9541867,82934277088
Oman,2018,4597878.0,88598.0,9156.0,954,3.2146947,84001727416
Oman,2019,4591248.0,86580.0,9195.0,932,3.80649,83053651985
Oman,2020,4522502.0,85276.0,11053.0,916,5.1192293,80246670660
Oman,2021,4500429.0,82526.0,12539.0,876,4.3446865,82318780120
Oman,2022,4730229.0,77354.0,10073.0,831,3.0661404,88892516940
Pakistan,2000,154879124.0,5659445.0,1378248.0,608092,2.4807932,162552194688
Pakistan,2001,159270910.0,5687528.0,1383302.0,597870,2.3395972,168487544527
Pakistan,2002,163222552.0,5693696.0,1386147.0,585736,2.422199,172859487443
Pakistan,2003,167110250.0,5731005.0,1390290.0,575686,2.103992,182196165734
Pakistan,2004,171285999.0,5688373.0,1393797.0,562394,2.0366628,196464413110
Pakistan,2005,175453212.0,5770093.0,1475667.0,571468,2.373239,210760292372
Pakistan,2006,179682690.0,5958562.0,1420199.0,556272,2.731325,223514741630
Pakistan,2007,184493231.0,6136679.0,1446378.0,560285,2.6237073,233449556918
Pakistan,2008,189499112.0,6363985.0,1478128.0,566756,2.5680673,238399717138
Pakistan,2009,194376535.0,6532790.0,1504762.0,571810,2.4999588,246678267936
Pakistan,2010,199239048.0,6679478.0,1532273.0,573563,2.4296765,250382678707
Pakistan,2011,203746069.0,6732852.0,1543476.0,566239,2.2312133,257093227079
Pakistan,2012,207667129.0,6745039.0,1553679.0,555129,2.2218528,264876940258
Pakistan,2013,211073979.0,6733732.0,1557087.0,541060,2.4164784,276443758787
Pakistan,2014,214264649.0,6707146.0,1558204.0,524998,2.4889908,287823367553
Pakistan,2015,217290884.0,6670207.0,1556593.0,507804,2.4949327,299963590534
Pakistan,2016,220138863.0,6594506.0,1549589.0,487897,2.5702636,319682711890
Pakistan,2017,223273974.0,6639809.0,1549528.0,473606,2.786301,333853050597
Pakistan,2018,226928893.0,6658753.0,1554977.0,460389,2.8284495,354390697428
Pakistan,2019,230800908.0,6689991.0,1562916.0,447895,2.8473694,363242090361
Pakistan,2020,235001745.0,6726852.0,1715720.0,436047,2.9527302,358614068499
Pakistan,2021,239477805.0,6797293.0,1731350.0,426030,2.9901583,381973779235
Pakistan,2022,243700667.0,6855375.0,1587285.0,417327,2.9035478,400224894618
Palau,2000,19206.0,276.0,188.0,7,8.637289,234297230
Palau,2001,19379.0,280.0,191.0,7,7.7965946,251508442
Palau,2002,19527.0,282.0,196.0,7,7.2869115,263367004
Palau,2003,19683.0,281.0,197.0,6,8.095788,257763189
Palau,2004,19841.0,278.0,199.0,6,9.134798,266714048
Palau,2005,19837.0,276.0,202.0,6,8.6317425,274408269
Palau,2006,19616.0,271.0,195.0,6,8.739992,275034203
Palau,2007,19324.0,265.0,187.0,6,8.837099,276923855
Palau,2008,19031.0,260.0,181.0,5,8.413782,261544895
Palau,2009,18736.0,255.0,178.0,5,9.630574,245341943
Palau,2010,18420.0,251.0,169.0,4,10.931,237916711
Palau,2011,18099.0,249.0,159.0,4,9.943211,248730840
Palau,2012,17791.0,249.0,148.0,4,10.246091,253858001
Palau,2013,17670.0,247.0,153.0,4,10.926917,250320025
Palau,2014,17740.0,237.0,158.0,4,10.711115,260868320
Palau,2015,17791.0,224.0,165.0,5,9.763253,283224750
Palau,2016,17824.0,227.0,169.0,5,10.01227,287944709
Palau,2017,17838.0,222.0,171.0,4,10.90419,278092878
Palau,2018,17843.0,214.0,178.0,4,11.191098,276931490
Palau,2019,17821.0,212.0,186.0,4,12.174058,277764180
Palau,2020,17817.0,207.0,195.0,4,13.315411,261077754
Palau,2021,17809.0,202.0,201.0,4,14.55276,229971280
Palau,2022,17784.0,197.0,200.0,4,14.878421,228906790
Palestine,2000,3151800.0,121414.0,12795.0,3644,9.465412,7118399999
Palestine,2001,3242286.0,123288.0,13770.0,3584,10.315458,6455599999
Palestine,2002,3322369.0,124385.0,13045.0,3567,11.046741,5649399999
Palestine,2003,3398071.0,124384.0,13289.0,3395,9.558971,6441199999
Palestine,2004,3475178.0,125515.0,13564.0,3300,11.379288,7853399999
Palestine,2005,3557406.0,126494.0,12996.0,3213,10.995571,8740099999
Palestine,2006,3645096.0,127114.0,13620.0,3125,10.502402,8652999999
Palestine,2007,3736694.0,127280.0,13806.0,3031,9.58784,8980799999
Palestine,2008,3829039.0,129753.0,14208.0,3199,10.5261,9647999999
Palestine,2009,3921245.0,133397.0,14648.0,3233,10.764684,10477099999
Palestine,2010,4016918.0,138755.0,13910.0,2979,9.104994,11082399999
Palestine,2011,4115912.0,140283.0,14118.0,2923,11.346225,12146400000
Palestine,2012,4215318.0,140669.0,14432.0,2859,10.301105,12886900000
Palestine,2013,4315263.0,141971.0,14418.0,2768,10.448744,13492400000
Palestine,2014,4415887.0,144762.0,17023.0,3174,9.920156,13471100000
Palestine,2015,4521564.0,148625.0,15005.0,2723,9.284733,13972400000
Palestine,2016,4632743.0,149516.0,15116.0,2631,9.003985,15211000000
Palestine,2017,4742747.0,149076.0,15269.0,2528,9.122353,15426900000
Palestine,2018,4850593.0,148084.0,15607.0,2477,9.656177,15616199999
Palestine,2019,4957773.0,147286.0,15540.0,2339,9.185769,15828999999
Palestine,2020,5069692.0,146398.0,17189.0,2231,10.276102,14037399999
Palestine,2021,5185341.0,146355.0,19537.0,2209,10.434735,15021699999
Palestine,2022,5305274.0,146294.0,15876.0,2117,9.706139,15635000000
Panama,2000,3010376.0,70773.0,14537.0,1786,6.984866,20639538981
Panama,2001,3069545.0,71276.0,14615.0,1750,6.9184985,20835595644
Panama,2002,3129343.0,71715.0,14711.0,1711,7.0564384,21358328178
Panama,2003,3189813.0,72250.0,14792.0,1667,6.7117667,22446932329
Panama,2004,3251158.0,73308.0,15025.0,1638,7.0819283,24282115701
Panama,2005,3313024.0,73219.0,15201.0,1581,6.206666,26291748117
Panama,2006,3375024.0,73521.0,15449.0,1539,6.5460486,28883388489
Panama,2007,3437490.0,74220.0,15765.0,1498,7.3522763,32682439460
Panama,2008,3500646.0,75006.0,16045.0,1478,6.8045254,36015209193
Panama,2009,3564383.0,75482.0,16315.0,1434,6.9857955,36595725406
Panama,2010,3628537.0,76140.0,16727.0,1417,7.2233257,38818327825
Panama,2011,3693509.0,77488.0,17079.0,1400,6.8319626,43441154827
Panama,2012,3759261.0,77938.0,17466.0,1387,6.5045066,47623362287
Panama,2013,3825333.0,78114.0,17821.0,1368,6.5221043,50635232250
Panama,2014,3892100.0,78413.0,18187.0,1361,6.915321,52977523789
Panama,2015,3960034.0,78563.0,18665.0,1345,6.936985,55767806100
Panama,2016,4029085.0,78547.0,19090.0,1328,7.093781,58317491835
Panama,2017,4098704.0,78206.0,19596.0,1314,7.1649265,61667283244
Panama,2018,4167860.0,77189.0,19686.0,1341,7.6013293,64083556965
Panama,2019,4234698.0,74406.0,19986.0,1340,8.135418,66072040231
Panama,2020,4293258.0,71775.0,25184.0,935,10.2163,54297264368
Panama,2021,4345410.0,71269.0,24520.0,987,9.135711,63238394459
Panama,2022,4400775.0,71463.0,20912.0,1188,9.045789,70219029318
Papua New Guinea,2000,5537068.0,190600.0,43109.0,13349,2.0184176,11016425270
Papua New Guinea,2001,5728444.0,195992.0,44561.0,13520,2.3006382,11003063602
Papua New Guinea,2002,5924010.0,201313.0,46228.0,13676,2.7756295,10985579675
Papua New Guinea,2003,6124005.0,206224.0,47614.0,13722,2.4531486,11223318880
Papua New Guinea,2004,6328042.0,210128.0,49107.0,13750,2.593729,11528725110
Papua New Guinea,2005,6535905.0,214461.0,50578.0,13771,2.4487405,12260199191
Papua New Guinea,2006,6747724.0,218370.0,51832.0,13753,2.4260032,12923469113
Papua New Guinea,2007,6963353.0,222279.0,52966.0,13758,2.4210212,13933462679
Papua New Guinea,2008,7183002.0,226613.0,53800.0,13656,2.1352606,13892155836
Papua New Guinea,2009,7406442.0,230148.0,54724.0,13584,2.3293753,14836880985
Papua New Guinea,2010,7633524.0,234608.0,55611.0,13521,2.1075602,16339627662
Papua New Guinea,2011,7859349.0,238169.0,56326.0,13393,2.293978,16520596167
Papua New Guinea,2012,8081396.0,240841.0,57183.0,13271,2.6669354,17289980088
Papua New Guinea,2013,8302700.0,243715.0,57929.0,13081,2.997279,17951312547
Papua New Guinea,2014,8523440.0,246323.0,58731.0,12896,3.2711906,20382597142
Papua New Guinea,2015,8743247.0,248091.0,59489.0,12673,1.8188171,21723437010
Papua New Guinea,2016,8961717.0,249721.0,60440.0,12401,2.3306305,22915960976
Papua New Guinea,2017,9178717.0,251143.0,61423.0,12120,2.2297099,23725951011
Papua New Guinea,2018,9394518.0,253242.0,62574.0,11878,2.300519,23659695751
Papua New Guinea,2019,9609014.0,254314.0,63650.0,11543,2.3253386,24719771866
Papua New Guinea,2020,9815743.0,256111.0,66981.0,11253,2.3019397,23936789891
Papua New Guinea,2021,10012898.0,256149.0,72381.0,10890,2.3399472,23814565624
Papua New Guinea,2022,10203177.0,256716.0,69852.0,10532,2.6146314,25173667563
Paraguay,2000,5100875.0,137136.0,27156.0,4668,6.0186524,20783433276
Paraguay,2001,5187690.0,134531.0,27302.0,4472,5.608158,20610088070
Paraguay,2002,5261334.0,132104.0,27443.0,4284,4.7577057,20605676606
Paraguay,2003,5326437.0,130026.0,27605.0,4105,4.907039,21495995447
Paraguay,2004,5388181.0,129795.0,27905.0,3974,4.9322433,22368177914
Paraguay,2005,5448100.0,129227.0,28194.0,3846,4.829347,22845400902
Paraguay,2006,5505145.0,128277.0,28475.0,3714,5.0192757,23943606096
Paraguay,2007,5559385.0,127972.0,28830.0,3600,5.020427,25241738121
Paraguay,2008,5613577.0,129050.0,29233.0,3517,5.0377603,26881515165
Paraguay,2009,5671243.0,129913.0,29616.0,3432,5.5249686,26811317495
Paraguay,2010,5737973.0,129358.0,29900.0,3325,5.4659395,29786095177
Paraguay,2011,5814632.0,130732.0,30289.0,3262,5.8222585,31062837784
Paraguay,2012,5897011.0,133029.0,30526.0,3204,6.531446,30842899501
Paraguay,2013,5982447.0,134448.0,31074.0,3140,6.064285,33400724748
Paraguay,2014,6069819.0,137388.0,31814.0,3102,6.6271906,35171376876
Paraguay,2015,6159106.0,139576.0,32762.0,3056,6.691658,36211447840
Paraguay,2016,6249129.0,140526.0,33728.0,2983,6.6755657,37756961788
Paraguay,2017,6338658.0,140500.0,34873.0,2895,6.6090255,39573101423
Paraguay,2018,6427382.0,140351.0,35438.0,2801,6.7449765,40841122661
Paraguay,2019,6515059.0,139557.0,36380.0,2717,7.160819,40677000526
Paraguay,2020,6603741.0,138917.0,40253.0,2596,7.6753306,40343536418
Paraguay,2021,6684184.0,138291.0,59623.0,2500,8.03277,41955105419
Paraguay,2022,6760460.0,137617.0,42991.0,2401,7.7353783,41943325612
Peru,2000,26598328.0,633999.0,149770.0,24254,4.4148264,87409379264
Peru,2001,26964610.0,620939.0,150792.0,22098,4.72161,87949475111
Peru,2002,27288211.0,616690.0,152962.0,20299,4.939026,92745825187
Peru,2003,27580485.0,615873.0,156632.0,18799,4.587038,96608710264
Peru,2004,27852190.0,623654.0,164046.0,17670,4.429723,101398766434
Peru,2005,28101175.0,620739.0,166530.0,16516,4.665985,107771740073
Peru,2006,28324488.0,618081.0,172169.0,15490,4.409585,115885765581
Peru,2007,28530704.0,611857.0,176758.0,14615,4.426113,125757364463
Peru,2008,28719038.0,600453.0,186814.0,13583,4.5309834,137234696225
Peru,2009,28896819.0,590770.0,194252.0,12764,4.959769,138738546494
Peru,2010,29086021.0,578360.0,195846.0,12000,4.7058296,150298879148
Peru,2011,29304083.0,578746.0,195489.0,11408,4.5221686,159808578409
Peru,2012,29550367.0,567669.0,191165.0,10825,4.729396,169620385179
Peru,2013,29817908.0,561167.0,188485.0,10335,4.7127266,179547449111
Peru,2014,30115825.0,553109.0,184386.0,9888,4.909673,183824551906
Peru,2015,30457598.0,546658.0,183871.0,9511,4.9045362,189802976285
Peru,2016,30866497.0,542161.0,186318.0,9207,4.893533,197306492869
Peru,2017,31324639.0,540470.0,191149.0,9042,4.809155,202276318741
Peru,2018,31897590.0,540020.0,196902.0,8778,5.0835557,210305376512
Peru,2019,32449302.0,546866.0,199893.0,8721,5.1252527,215017545590
Peru,2020,32838577.0,545443.0,243508.0,8587,6.347394,191509018299
Peru,2021,33155883.0,543689.0,308253.0,8448,6.6730943,217203104601
Peru,2022,33475436.0,541718.0,213890.0,8263,6.0974617,223324321983
Philippines,2000,79625401.0,2331835.0,429509.0,86760,3.0551236,142796015521
Philippines,2001,81401488.0,2372487.0,441272.0,85788,2.8477597,147150196386
Philippines,2002,83068889.0,2370297.0,450695.0,84009,2.6376739,152618672919
Philippines,2003,84731836.0,2381067.0,458191.0,82721,3.076635,160382249186
Philippines,2004,86394510.0,2386999.0,462722.0,80662,3.0468533,170918125627
Philippines,2005,88015959.0,2389958.0,471510.0,78765,3.7425303,179365762735
Philippines,2006,89508992.0,2454272.0,493965.0,79108,3.7776294,188901594317
Philippines,2007,91075180.0,2459027.0,494315.0,77832,3.7531807,201216639993
Philippines,2008,92699091.0,2514010.0,506454.0,77578,3.8631592,209958471374
Philippines,2009,94384256.0,2547176.0,521530.0,77121,4.1645193,212999348337
Philippines,2010,96337127.0,2559111.0,528137.0,76382,4.1310787,228621785456
Philippines,2011,98248614.0,2555164.0,536713.0,75369,4.0251856,237442546234
Philippines,2012,100175511.0,2526446.0,546811.0,73886,4.177092,253818843989
Philippines,2013,102076334.0,2506971.0,562222.0,72648,4.274087,270952964501
Philippines,2014,103767127.0,2428538.0,576725.0,70433,3.7031367,288153024771
Philippines,2015,105312988.0,2415119.0,587984.0,69271,3.898275,306445871242
Philippines,2016,106735721.0,2322601.0,604337.0,66795,3.9548433,328355086268
Philippines,2017,108119691.0,2224168.0,601633.0,63894,3.9604278,351113338965
Philippines,2018,109465284.0,2125551.0,629703.0,62445,3.9538188,373379140695
Philippines,2019,110804685.0,2006034.0,653286.0,59933,4.16646,396224439236
Philippines,2020,112081270.0,1907237.0,653596.0,57271,5.1621404,358510629276
Philippines,2021,113100947.0,1821790.0,903858.0,53883,5.9750056,378998554988
Philippines,2022,113964343.0,1829885.0,714114.0,52759,5.155884,407730367707
Poland,2000,38258077.0,377996.0,371398.0,3597,5.2654824,283174187558
Poland,2001,38247359.0,368399.0,363871.0,3301,5.6401014,286667833930
Poland,2002,38229407.0,355115.0,362438.0,3023,6.048284,292117946677
Poland,2003,38203527.0,351971.0,360913.0,2865,5.933758,302410346199
Poland,2004,38167568.0,356549.0,362259.0,2748,5.8418565,317805438387
Poland,2005,38124377.0,364523.0,365074.0,2677,5.7907386,328168510412
Poland,2006,38071169.0,374507.0,369635.0,2628,5.7814837,348521872927
Poland,2007,38020420.0,388199.0,374527.0,2611,5.863901,372083512402
Poland,2008,37995902.0,411707.0,381006.0,2635,6.351968,388394800371
Poland,2009,38002153.0,416458.0,384166.0,2525,6.5703773,398551823849
Poland,2010,38095356.0,422071.0,379306.0,2390,6.4353347,411181642127
Poland,2011,38208644.0,397843.0,379591.0,2199,6.245336,432791139408
Poland,2012,38247867.0,392217.0,382605.0,2123,6.2285404,439333996551
Poland,2013,38259267.0,378663.0,382521.0,2018,6.449937,442340098156
Poland,2014,38265113.0,382547.0,384903.0,1937,6.390595,459682079851
Poland,2015,38266314.0,379618.0,384261.0,1851,6.3649035,480054118583
Poland,2016,38263260.0,392402.0,392076.0,1853,6.547044,494605411858
Poland,2017,38254964.0,409081.0,398801.0,1911,6.5371323,520089746650
Poland,2018,38241070.0,392611.0,408897.0,1741,6.2509413,552573816155
Poland,2019,38225884.0,382207.0,403767.0,1673,6.3890696,577884228677
Poland,2020,38171005.0,359575.0,459375.0,1484,6.427391,566120997479
Poland,2021,38040303.0,334752.0,502538.0,1567,6.365481,605337233054
Poland,2022,38385734.0,310232.0,421549.0,1267,6.466198,637150470884
Portugal,2000,10283196.0,118781.0,102805.0,871,8.601042,193677420299
Portugal,2001,10354329.0,112747.0,102641.0,717,8.627516,197441874347
Portugal,2002,10413045.0,113502.0,103908.0,748,8.786429,198964002685
Portugal,2003,10454246.0,112019.0,106122.0,584,9.124157,197112600768
Portugal,2004,10481386.0,109261.0,99540.0,558,9.532508,200638423891
Portugal,2005,10502993.0,108826.0,104799.0,480,9.653068,202207110531
Portugal,2006,10524123.0,105207.0,99276.0,459,9.354226,205493047516
Portugal,2007,10546822.0,102562.0,100895.0,437,9.251866,210643893867
Portugal,2008,10564086.0,103785.0,101491.0,421,9.583078,211316368904
Portugal,2009,10576265.0,99740.0,101665.0,446,10.130704,204718906458
Portugal,2010,10578659.0,100745.0,102923.0,331,10.018584,208276152407
Portugal,2011,10557050.0,96535.0,100424.0,362,9.718474,204707283345
Portugal,2012,10513155.0,89706.0,105029.0,358,9.640002,196414790526
Portugal,2013,10458287.0,83046.0,103996.0,309,9.394761,194481859660
Portugal,2014,10406203.0,82184.0,102636.0,292,9.335708,195923731482
Portugal,2015,10370264.0,84792.0,106551.0,309,9.333099,199038523119
Portugal,2016,10346377.0,86453.0,108493.0,332,9.399893,203027536357
Portugal,2017,10330838.0,85621.0,107842.0,277,9.32669,209757330876
Portugal,2018,10325355.0,86023.0,111263.0,348,9.42121,215937376369
Portugal,2019,10343218.0,85246.0,109808.0,306,9.508686,221866335067
Portugal,2020,10370519.0,83378.0,121308.0,251,10.5207405,203663019645
Portugal,2021,10390957.0,77859.0,122741.0,240,11.220315,214984151437
Portugal,2022,10417074.0,84319.0,125515.0,345,10.549224,230002603240
Qatar,2000,644993.0,11170.0,1193.0,139,1.972585,35440999279
Qatar,2001,677934.0,11925.0,1244.0,142,2.3197093,36822541702
Qatar,2002,711215.0,12341.0,1280.0,142,2.4604406,39467329343
Qatar,2003,744690.0,12601.0,1309.0,140,3.5025718,40935482223
Qatar,2004,773341.0,12573.0,1336.0,135,3.1831174,48802669201
Qatar,2005,825419.0,12741.0,1350.0,135,2.5630004,52459320479
Qatar,2006,972841.0,11647.0,1421.0,126,2.288064,66188134254
Qatar,2007,1208601.0,13032.0,1678.0,131,2.0700805,78092213538
Qatar,2008,1426942.0,16019.0,1959.0,153,1.6377535,91885668301
Qatar,2009,1586052.0,17414.0,2039.0,163,2.383563,102872944217
Qatar,2010,1709238.0,19183.0,2034.0,173,1.8701776,120085188332
Qatar,2011,1810960.0,20518.0,2081.0,181,1.599962,135721967110
Qatar,2012,1907122.0,21736.0,2157.0,186,1.7482215,142000786637
Qatar,2013,2032650.0,23105.0,2248.0,191,2.0762017,148292418281
Qatar,2014,2218378.0,24693.0,2324.0,195,2.4229357,154400753941
Qatar,2015,2427340.0,25720.0,2354.0,196,3.6358135,161739955576
Qatar,2016,2599382.0,25913.0,2389.0,191,3.5497143,166695978169
Qatar,2017,2706716.0,27151.0,2439.0,190,3.2123709,164199531361
Qatar,2018,2761144.0,27393.0,2423.0,181,2.9617622,166227185730
Qatar,2019,2797927.0,27920.0,2351.0,174,3.1846871,167371229300
Qatar,2020,2803375.0,28163.0,2952.0,168,3.818722,161416823768
Qatar,2021,2814988.0,26896.0,2965.0,156,2.8927927,164042828070
Qatar,2022,2892466.0,29212.0,2694.0,155,2.1861331,170908036353
Romania,2000,22046264.0,228113.0,256414.0,5086,4.2087617,102548919722
Romania,2001,21919916.0,220102.0,260886.0,4740,4.3759813,107900062083
Romania,2002,21770020.0,217678.0,278960.0,4433,4.5769463,114053593614
Romania,2003,21593448.0,220146.0,298262.0,4293,5.371368,116723756275
Romania,2004,21403215.0,223352.0,301142.0,4406,5.477336,128895841498
Romania,2005,21213395.0,229483.0,282750.0,4094,5.527782,134912890211
Romania,2006,21035732.0,229474.0,267555.0,3832,5.0710607,145744791283
Romania,2007,20870714.0,228535.0,254623.0,3288,5.0222335,156287689281
Romania,2008,20718745.0,242417.0,242833.0,3311,5.022772,170834114652
Romania,2009,20576922.0,242503.0,243401.0,3105,5.2781625,161409698529
Romania,2010,20432575.0,225478.0,252962.0,2773,5.638827,155105339843
Romania,2011,20282009.0,204154.0,252672.0,2387,4.47504,162078238594
Romania,2012,20158451.0,202782.0,261029.0,2315,4.509391,165163587446
Romania,2013,20062913.0,192935.0,253244.0,2107,5.2240696,165624017079
Romania,2014,19968179.0,200990.0,259813.0,2056,5.0276823,172441103432
Romania,2015,19871018.0,204558.0,268851.0,1876,4.94292,177885131240
Romania,2016,19777049.0,208708.0,263525.0,1712,5.0801277,182972525962
Romania,2017,19689405.0,213626.0,267945.0,1687,5.1887856,197967999561
Romania,2018,19597874.0,206794.0,269433.0,1530,5.514549,208647427408
Romania,2019,19501542.0,196640.0,265726.0,1396,5.6992464,216910469745
Romania,2020,19392467.0,193180.0,301133.0,1304,6.209597,209105975817
Romania,2021,19248159.0,187162.0,336900.0,1245,6.45247,220789460074
Romania,2022,19166776.0,183845.0,268227.0,1245,5.7982326,230035489109
Russia,2000,146717784.0,1268072.0,2286159.0,24935,5.019898,780432873756
Russia,2001,146117290.0,1315495.0,2308425.0,24605,5.242848,820235350100
Russia,2002,145939502.0,1403587.0,2384782.0,23786,5.5216656,858786345191
Russia,2003,145794230.0,1486835.0,2411911.0,22701,5.163689,921477339138
Russia,2004,145180091.0,1513809.0,2335314.0,21751,4.7603755,987823227185
Russia,2005,144597886.0,1472805.0,2340784.0,20307,4.771775,1051043572413
Russia,2006,144102948.0,1499536.0,2193337.0,19526,4.766544,1137229862736
Russia,2007,143859767.0,1632575.0,2099223.0,19418,4.7479253,1233894148253
Russia,2008,143811837.0,1739291.0,2095041.0,18469,4.903641,1298056264713
Russia,2009,143869128.0,1788518.0,2029235.0,18067,5.6439247,1196807955081
Russia,2010,143934468.0,1815200.0,2101577.0,20840,4.971118,1250664313051
Russia,2011,144043751.0,1824538.0,1936517.0,17204,4.7949147,1304443243531
Russia,2012,144291025.0,1928586.0,1917404.0,20249,4.9363728,1356935163522
Russia,2013,144604105.0,1922462.0,1883361.0,18793,5.0810485,1380755103933
Russia,2014,144925639.0,1939723.0,1890305.0,17523,5.182094,1390921151171
Russia,2015,145307612.0,1934705.0,1869623.0,15533,5.2960463,1363482182197
Russia,2016,145778668.0,1886740.0,1842111.0,13999,5.2897034,1366122853556
Russia,2017,146186798.0,1695524.0,1768167.0,11723,5.3589005,1391077891792
Russia,2018,146430146.0,1612827.0,1790070.0,10430,5.355208,1430116278514
Russia,2019,146533063.0,1496027.0,1789415.0,9251,5.648491,1461551317111
Russia,2020,146371295.0,1458020.0,2158768.0,8660,8.04076,1422766794859
Russia,2021,145836172.0,1421809.0,2439514.0,8445,7.029914,1506233291829
Russia,2022,145579889.0,1334912.0,1909498.0,6816,6.878866,1484613261468
Rwanda,2000,8213936.0,345904.0,124624.0,60076,3.5758343,2719605115
Rwanda,2001,8287091.0,348997.0,118152.0,55051,3.3159997,2950351652
Rwanda,2002,8400185.0,350995.0,111958.0,50461,3.127873,3339564215
Rwanda,2003,8586878.0,355510.0,104273.0,46083,6.9288874,3413114360
Rwanda,2004,8816849.0,362771.0,97502.0,41879,7.5085697,3667311764
Rwanda,2005,9054532.0,367960.0,92836.0,37876,7.71997,4011228564
Rwanda,2006,9299251.0,370673.0,88526.0,34254,7.6051197,4381347663
Rwanda,2007,9549940.0,370848.0,85067.0,31010,7.8626223,4715788995
Rwanda,2008,9804268.0,369065.0,81731.0,28028,7.559719,5242129868
Rwanda,2009,10060438.0,365340.0,78309.0,25432,7.799514,5569671641
Rwanda,2010,10317560.0,362647.0,75804.0,23252,8.081855,5978187921
Rwanda,2011,10573742.0,357390.0,74472.0,21304,7.9323378,6453955353
Rwanda,2012,10829904.0,355787.0,73191.0,19810,8.102147,7011674431
Rwanda,2013,11093340.0,359521.0,73196.0,18717,6.7738876,7342614847
Rwanda,2014,11364758.0,366405.0,73619.0,18024,6.98449,7758827558
Rwanda,2015,11640026.0,373619.0,74505.0,17509,6.650613,8447064078
Rwanda,2016,11919183.0,381065.0,75520.0,17171,5.968925,8925061966
Rwanda,2017,12202062.0,386390.0,76062.0,16829,5.3762383,9344891026
Rwanda,2018,12488000.0,390011.0,77508.0,16576,5.457228,10099102466
Rwanda,2019,12776102.0,391867.0,78347.0,16180,4.914715,11036918642
Rwanda,2020,13065838.0,392254.0,79560.0,15825,5.7986226,10730411838
Rwanda,2021,13355260.0,392497.0,82606.0,15316,6.231472,11632990181
Rwanda,2022,13651025.0,393949.0,81816.0,14902,5.928426,12775928435
Saint Kitts and Nevis,2000,45272.0,802.0,419.0,19,4.799338,635237944
Saint Kitts and Nevis,2001,45785.0,791.0,416.0,18,4.3969374,668609850
Saint Kitts and Nevis,2002,46048.0,780.0,407.0,17,4.4521055,677754528
Saint Kitts and Nevis,2003,46200.0,774.0,399.0,16,4.751597,651095766
Saint Kitts and Nevis,2004,46337.0,765.0,390.0,15,4.490674,677115810
Saint Kitts and Nevis,2005,46459.0,758.0,392.0,14,4.7280383,743018278
Saint Kitts and Nevis,2006,46592.0,751.0,394.0,14,4.982034,766426186
Saint Kitts and Nevis,2007,46734.0,742.0,398.0,14,4.7973347,771029360
Saint Kitts and Nevis,2008,46857.0,730.0,400.0,13,5.3056602,858287028
Saint Kitts and Nevis,2009,46941.0,717.0,413.0,13,5.2867374,829064585
Saint Kitts and Nevis,2010,46871.0,700.0,423.0,13,5.217275,828615280
Saint Kitts and Nevis,2011,46917.0,689.0,433.0,12,5.1724777,842010736
Saint Kitts and Nevis,2012,47056.0,679.0,428.0,11,5.018665,835799755
Saint Kitts and Nevis,2013,47092.0,666.0,437.0,11,5.051678,883668355
Saint Kitts and Nevis,2014,47112.0,657.0,439.0,12,4.752966,950623606
Saint Kitts and Nevis,2015,47108.0,647.0,448.0,12,5.12752,957222222
Saint Kitts and Nevis,2016,47099.0,641.0,456.0,11,5.429233,994866931
Saint Kitts and Nevis,2017,47075.0,629.0,454.0,10,5.273594,997065001
Saint Kitts and Nevis,2018,47032.0,616.0,462.0,10,4.896709,1017041453
Saint Kitts and Nevis,2019,46976.0,604.0,467.0,10,5.1920147,1046924638
Saint Kitts and Nevis,2020,46896.0,589.0,486.0,9,5.6613045,886725390
Saint Kitts and Nevis,2021,46786.0,574.0,594.0,9,6.1691213,889985054
Saint Kitts and Nevis,2022,46732.0,559.0,544.0,8,5.526343,983259885
Saint Lucia,2000,158624.0,2987.0,1014.0,56,4.865499,1459098899
Saint Lucia,2001,160247.0,2890.0,1030.0,54,5.1213946,1409371875
Saint Lucia,2002,161655.0,2801.0,1029.0,53,5.3888702,1415241211
Saint Lucia,2003,162985.0,2709.0,1011.0,50,5.2406964,1475595751
Saint Lucia,2004,164250.0,2632.0,1018.0,49,4.767608,1582833327
Saint Lucia,2005,165460.0,2586.0,1033.0,48,4.8603983,1576338887
Saint Lucia,2006,166657.0,2550.0,1039.0,47,5.1270175,1673997137
Saint Lucia,2007,167766.0,2478.0,1051.0,45,5.541666,1702314784
Saint Lucia,2008,168816.0,2456.0,1089.0,44,5.0906196,1786567823
Saint Lucia,2009,169880.0,2480.0,1129.0,44,5.2441077,1736027614
Saint Lucia,2010,170921.0,2357.0,1180.0,46,5.0505605,1741756827
Saint Lucia,2011,171814.0,2129.0,1196.0,39,5.061343,1817121648
Saint Lucia,2012,172595.0,2148.0,1232.0,39,4.9251027,1815145417
Saint Lucia,2013,173380.0,2166.0,1274.0,40,5.071076,1782131987
Saint Lucia,2014,174145.0,2158.0,1303.0,38,4.683634,1805800308
Saint Lucia,2015,174919.0,2153.0,1308.0,38,4.57866,1807640740
Saint Lucia,2016,175651.0,2144.0,1381.0,38,4.510955,1869604354
Saint Lucia,2017,176352.0,2134.0,1410.0,37,4.4556193,1932793731
Saint Lucia,2018,177032.0,2121.0,1432.0,37,4.272624,1988589215
Saint Lucia,2019,177675.0,2106.0,1499.0,37,4.290905,1968119316
Saint Lucia,2020,178261.0,2088.0,1525.0,37,7.010334,1517409879
Saint Lucia,2021,178540.0,2066.0,2083.0,36,6.261933,1686550996
Saint Lucia,2022,178794.0,2041.0,1514.0,36,4.747506,2012825747
Saint Vincent and the Grenadines,2000,113561.0,2178.0,900.0,51,3.9828413,575442357
Saint Vincent and the Grenadines,2001,113506.0,2146.0,914.0,50,4.010575,585502419
Saint Vincent and the Grenadines,2002,113365.0,2067.0,893.0,39,4.080795,616780702
Saint Vincent and the Grenadines,2003,113149.0,1994.0,929.0,48,3.9634104,658051576
Saint Vincent and the Grenadines,2004,112856.0,1931.0,933.0,47,3.8710556,685128416
Saint Vincent and the Grenadines,2005,112465.0,1899.0,948.0,46,3.834108,702178229
Saint Vincent and the Grenadines,2006,112027.0,1846.0,966.0,46,3.6556716,751309123
Saint Vincent and the Grenadines,2007,111544.0,1850.0,985.0,47,3.822133,776274889
Saint Vincent and the Grenadines,2008,111047.0,1902.0,998.0,46,3.8878386,779416014
Saint Vincent and the Grenadines,2009,110521.0,1899.0,1022.0,45,4.0929956,768674152
Saint Vincent and the Grenadines,2010,109974.0,1845.0,1053.0,42,4.303252,734310821
Saint Vincent and the Grenadines,2011,109367.0,1760.0,1085.0,38,4.2332773,729858865
Saint Vincent and the Grenadines,2012,108753.0,1762.0,1124.0,36,4.4685597,738391734
Saint Vincent and the Grenadines,2013,108156.0,1732.0,1153.0,32,4.2378063,756574514
Saint Vincent and the Grenadines,2014,107555.0,1733.0,1156.0,32,4.174313,765242794
Saint Vincent and the Grenadines,2015,106975.0,1699.0,1161.0,31,4.116058,786555555
Saint Vincent and the Grenadines,2016,106365.0,1610.0,1163.0,25,4.0976014,819195102
Saint Vincent and the Grenadines,2017,105674.0,1493.0,1153.0,25,4.2317133,831877075
Saint Vincent and the Grenadines,2018,104939.0,1435.0,1164.0,23,4.2534623,858294259
Saint Vincent and the Grenadines,2019,104183.0,1381.0,1173.0,21,4.2606325,864031342
Saint Vincent and the Grenadines,2020,103540.0,1329.0,1338.0,25,4.8707128,827146498
Saint Vincent and the Grenadines,2021,102848.0,1300.0,1306.0,25,5.2660713,844461993
Saint Vincent and the Grenadines,2022,102063.0,1265.0,1172.0,21,4.6054697,870731795
Samoa,2000,181695.0,5824.0,968.0,123,4.2823253,535129944
Samoa,2001,183174.0,5725.0,961.0,118,3.81805,574676737
Samoa,2002,184482.0,5637.0,967.0,113,4.492055,607157232
Samoa,2003,185447.0,5595.0,976.0,111,4.1723714,638806086
Samoa,2004,186265.0,5545.0,1000.0,109,4.5257854,658527692
Samoa,2005,186993.0,5520.0,1022.0,109,4.6336546,702248686
Samoa,2006,187724.0,5505.0,1038.0,105,4.884514,717221521
Samoa,2007,188766.0,5536.0,1060.0,105,4.744633,720707093
Samoa,2008,190117.0,5659.0,1083.0,108,4.532581,746336191
Samoa,2009,191530.0,5771.0,1248.0,146,5.1273203,742293455
Samoa,2010,193035.0,5894.0,1116.0,112,5.1526833,787756851
Samoa,2011,194726.0,5994.0,1136.0,114,5.3835716,818078226
Samoa,2012,196518.0,6031.0,1167.0,118,4.988346,787546481
Samoa,2013,198284.0,6054.0,1176.0,113,6.218239,788391466
Samoa,2014,200051.0,6051.0,1201.0,113,6.3614717,793594248
Samoa,2015,201794.0,6016.0,1222.0,111,6.0132194,824150498
Samoa,2016,203509.0,5958.0,1239.0,109,5.639599,889949544
Samoa,2017,205423.0,5915.0,1252.0,107,5.16343,902464748
Samoa,2018,207595.0,5914.0,1278.0,105,4.775258,896962897
Samoa,2019,209794.0,5865.0,1372.0,118,5.647616,936894420
Samoa,2020,211957.0,5819.0,1375.0,103,6.0910583,907769700
Samoa,2021,213792.0,5749.0,1368.0,96,7.1965146,861986282
Samoa,2022,215270.0,5619.0,1327.0,91,6.9341235,881527968
San Marino,2000,26823.0,322.0,208.0,1,5.787679,1495569026
San Marino,2001,27173.0,348.0,209.0,1,5.6412754,1578996995
San Marino,2002,27515.0,328.0,213.0,1,5.3915577,1583904523
San Marino,2003,27871.0,297.0,214.0,1,4.7720013,1645248617
San Marino,2004,28230.0,297.0,214.0,1,4.864793,1720088413
San Marino,2005,28600.0,273.0,220.0,1,4.8868365,1761802397
San Marino,2006,28966.0,282.0,218.0,1,4.913619,1829280901
San Marino,2007,29334.0,283.0,218.0,1,5.095873,1959330382
San Marino,2008,29721.0,338.0,217.0,1,5.411109,1949515327
San Marino,2009,30115.0,298.0,221.0,1,6.184096,1748306696
San Marino,2010,30648.0,316.0,220.0,1,6.208535,1652609909
San Marino,2011,32194.0,313.0,223.0,1,8.070728,1515199137
San Marino,2012,33494.0,293.0,255.0,1,8.988837,1408460412
San Marino,2013,33641.0,329.0,256.0,1,8.238003,1397418475
San Marino,2014,33753.0,270.0,259.0,0,8.300918,1387603420
San Marino,2015,33927.0,250.0,250.0,0,8.433153,1419400395
San Marino,2016,34188.0,230.0,253.0,0,8.421953,1452676990
San Marino,2017,34405.0,211.0,260.0,0,8.259723,1456428672
San Marino,2018,34557.0,213.0,261.0,0,8.277849,1478186318
San Marino,2019,34674.0,212.0,264.0,0,8.148016,1508721078
San Marino,2020,34796.0,212.0,350.0,0,8.481474,1408422624
San Marino,2021,34599.0,212.0,339.0,0,7.5127225,1604162183
San Marino,2022,34113.0,205.0,259.0,0,7.223363,1730866079
Sao Tome and Principe,2000,144029.0,5724.0,1393.0,427,9.318928,138248376
Sao Tome and Principe,2001,146386.0,5850.0,1381.0,405,9.640019,142484974
Sao Tome and Principe,2002,149932.0,5973.0,1380.0,398,9.498605,147272738
Sao Tome and Principe,2003,153824.0,6084.0,1385.0,379,11.465274,159483885
Sao Tome and Principe,2004,157721.0,6183.0,1369.0,359,10.721177,165126275
Sao Tome and Principe,2005,161650.0,6300.0,1399.0,347,10.351997,176048759
Sao Tome and Principe,2006,165651.0,6435.0,1383.0,320,7.1055965,191657434
Sao Tome and Principe,2007,169709.0,6604.0,1378.0,298,7.006086,198636586
Sao Tome and Principe,2008,173808.0,6685.0,1386.0,279,5.9700904,211009232
Sao Tome and Principe,2009,177866.0,6739.0,1391.0,256,5.75177,217977600
Sao Tome and Principe,2010,181810.0,6785.0,1397.0,237,5.808279,221134908
Sao Tome and Principe,2011,185665.0,6841.0,1397.0,218,5.6516004,225556350
Sao Tome and Principe,2012,189452.0,6889.0,1389.0,200,7.0729966,232194345
Sao Tome and Principe,2013,193158.0,6830.0,1381.0,184,8.940609,244081946
Sao Tome and Principe,2014,196780.0,6743.0,1365.0,168,7.914521,256057120
Sao Tome and Principe,2015,200308.0,6615.0,1341.0,153,6.5322685,259999643
Sao Tome and Principe,2016,203702.0,6455.0,1328.0,138,7.602116,273459368
Sao Tome and Principe,2017,206986.0,6326.0,1316.0,126,7.466314,284706696
Sao Tome and Principe,2018,210198.0,6264.0,1309.0,116,5.919603,297171520
Sao Tome and Principe,2019,213405.0,6237.0,1308.0,107,5.480788,303157496
Sao Tome and Principe,2020,217450.0,6228.0,1356.0,101,7.320444,311114954
Sao Tome and Principe,2021,221975.0,6330.0,1373.0,101,7.858897,317023957
Sao Tome and Principe,2022,226313.0,6399.0,1298.0,92,5.7744813,317558772
Saudi Arabia,2000,16177733.0,444729.0,52327.0,9880,4.211594,359919640768
Saudi Arabia,2001,17041405.0,435041.0,52877.0,9128,4.4617357,361159899361
Saudi Arabia,2002,17910909.0,425680.0,53590.0,8484,4.2493763,358673710260
Saudi Arabia,2003,18786771.0,418984.0,54469.0,7934,3.9790974,390124853185
Saudi Arabia,2004,19669486.0,418448.0,55618.0,7512,3.5840096,423796550560
Saudi Arabia,2005,20559886.0,433035.0,57089.0,7310,3.4186728,448990815757
Saudi Arabia,2006,21459141.0,458153.0,58816.0,7187,3.61922,463868057904
Saudi Arabia,2007,22368313.0,486064.0,60850.0,7110,3.5622916,474136491554
Saudi Arabia,2008,23287884.0,496355.0,62918.0,6846,2.971007,503713066804
Saudi Arabia,2009,24217656.0,503768.0,65217.0,6628,4.2904277,498339873323
Saudi Arabia,2010,25157134.0,506348.0,67127.0,6252,3.6478615,523453786400
Saudi Arabia,2011,26105636.0,530576.0,68975.0,6117,3.6821826,585005778521
Saudi Arabia,2012,27062447.0,551709.0,70166.0,5960,3.9877985,618711318317
Saudi Arabia,2013,28026825.0,552465.0,70239.0,5651,4.422936,636936313349
Saudi Arabia,2014,28998127.0,574801.0,69367.0,5508,5.158009,662570908159
Saudi Arabia,2015,29974944.0,581656.0,67910.0,5266,5.8620224,693414400000
Saudi Arabia,2016,30717804.0,600614.0,66913.0,5113,6.2414284,705230509999
Saudi Arabia,2017,30782400.0,610217.0,66921.0,4917,6.0312605,713567089638
Saudi Arabia,2018,30365119.0,599367.0,67664.0,4614,5.340631,736593549189
Saudi Arabia,2019,30472809.0,550793.0,69947.0,4119,5.46743,748759049109
Saudi Arabia,2020,30991206.0,515334.0,76244.0,3727,6.6463013,720270347023
Saudi Arabia,2021,31328374.0,498172.0,81910.0,3439,5.9303365,767229070838
Saudi Arabia,2022,32175351.0,489608.0,82698.0,3201,5.314006,859301066620
Senegal,2000,9968262.0,391751.0,107811.0,48094,3.5501537,10450471990
Senegal,2001,10212941.0,396851.0,107162.0,46648,3.6814876,10900976316
Senegal,2002,10466216.0,404242.0,105412.0,44789,3.952944,10908464913
Senegal,2003,10721176.0,414645.0,105783.0,42731,4.2970357,11518679089
Senegal,2004,10975711.0,421257.0,103982.0,40554,4.568562,12053525217
Senegal,2005,11235473.0,426768.0,102860.0,38531,3.6746652,12573060904
Senegal,2006,11500094.0,432207.0,100838.0,36290,3.7633762,12866110160
Senegal,2007,11770348.0,438708.0,98738.0,34469,3.4149659,13229850430
Senegal,2008,12048963.0,449958.0,98290.0,32952,3.5068758,13719774159
Senegal,2009,12337390.0,460066.0,97816.0,31648,3.841573,14097356679
Senegal,2010,12635418.0,470714.0,97790.0,30523,4.0276437,14575382431
Senegal,2011,12958902.0,484541.0,97257.0,29636,4.214167,14769831308
Senegal,2012,13310499.0,499620.0,97384.0,28916,4.26688,15361066998
Senegal,2013,13710857.0,503840.0,97269.0,27894,4.385736,15731635117
Senegal,2014,14152103.0,502121.0,97099.0,26634,4.3896227,16710783797
Senegal,2015,14593335.0,503549.0,96522.0,25456,4.3778963,17774766696
Senegal,2016,15034517.0,508586.0,97110.0,24399,4.2560687,18904543055
Senegal,2017,15475001.0,507600.0,97223.0,23228,4.163594,20304894471
Senegal,2018,15914495.0,502828.0,97378.0,22041,4.431821,21565674310
Senegal,2019,16352926.0,497216.0,97770.0,20934,4.4953103,22560634320
Senegal,2020,16789217.0,502517.0,101605.0,20177,5.1511917,22863414676
Senegal,2021,17220866.0,511625.0,108605.0,19561,4.4425626,24359596784
Senegal,2022,17651099.0,520006.0,104498.0,18987,4.044481,25297546478
Serbia,2000,7694608.0,71629.0,99780.0,949,5.807706,26625555756
Serbia,2001,7651927.0,71775.0,102599.0,906,6.1915584,28430375122
Serbia,2002,7616741.0,72229.0,101333.0,843,7.249509,30290019038
Serbia,2003,7590946.0,72380.0,103314.0,764,7.306026,31671150000
Serbia,2004,7565843.0,71530.0,104935.0,686,7.6364493,33788958112
Serbia,2005,7539139.0,69786.0,105035.0,628,8.093469,35783687980
Serbia,2006,7511395.0,68401.0,104595.0,586,8.285757,37179490290
Serbia,2007,7482996.0,67658.0,103335.0,557,9.017826,40091414081
Serbia,2008,7454285.0,67806.0,103664.0,544,9.128072,42160489173
Serbia,2009,7425346.0,68772.0,103895.0,545,8.989335,40835549106
Serbia,2010,7395872.0,69979.0,103484.0,535,9.15153,41493398701
Serbia,2011,7364858.0,69521.0,102266.0,509,8.759404,41515918199
Serbia,2012,7324624.0,70637.0,100473.0,495,8.957167,41331605760
Serbia,2013,7276183.0,68926.0,99605.0,477,8.931883,41518250531
Serbia,2014,7227203.0,69191.0,99746.0,465,8.859668,40769149019
Serbia,2015,7177257.0,68037.0,99747.0,427,8.462899,41297410634
Serbia,2016,7126083.0,66824.0,100354.0,400,8.151843,42526090399
Serbia,2017,7073507.0,66466.0,101112.0,382,7.8996515,43531153349
Serbia,2018,7020014.0,65331.0,100118.0,384,8.184699,45555069182
Serbia,2019,6966155.0,65097.0,100266.0,371,8.287625,47719029694
Serbia,2020,6907814.0,62501.0,114913.0,355,8.306436,47265687464
Serbia,2021,6835429.0,62470.0,135637.0,345,9.23441,51022863667
Serbia,2022,6791215.0,61240.0,107640.0,303,8.583972,52402255080
Seychelles,2000,83339.0,1469.0,637.0,21,4.610718,949537227
Seychelles,2001,84621.0,1422.0,649.0,20,4.5476832,927971690
Seychelles,2002,85878.0,1463.0,665.0,21,4.1956286,939226436
Seychelles,2003,87056.0,1482.0,670.0,21,4.8607597,883932969
Seychelles,2004,88175.0,1477.0,685.0,21,4.6662893,858736866
Seychelles,2005,89288.0,1583.0,682.0,22,4.4460654,936072662
Seychelles,2006,90391.0,1524.0,690.0,21,4.3319125,1024120860
Seychelles,2007,91483.0,1610.0,693.0,22,3.7931502,1115022508
Seychelles,2008,92563.0,1675.0,702.0,23,3.5151868,1084627594
Seychelles,2009,93644.0,1709.0,712.0,23,3.435805,1057735598
Seychelles,2010,94993.0,1583.0,724.0,22,4.4014845,1105387984
Seychelles,2011,97041.0,1709.0,751.0,25,4.3553967,1210507986
Seychelles,2012,99565.0,1766.0,767.0,26,5.2896843,1248162998
Seychelles,2013,102108.0,1626.0,781.0,24,4.191295,1263811654
Seychelles,2014,104663.0,1632.0,809.0,24,4.4360914,1315169064
Seychelles,2015,107247.0,1697.0,835.0,24,4.2442865,1432403352
Seychelles,2016,109836.0,1776.0,860.0,25,4.713497,1605975218
Seychelles,2017,112443.0,1809.0,886.0,26,4.47661,1717657339
Seychelles,2018,115053.0,1807.0,922.0,26,4.4170604,1802500555
Seychelles,2019,117662.0,1797.0,961.0,26,4.252698,1901895701
Seychelles,2020,120299.0,1779.0,826.0,25,5.837092,1678615792
Seychelles,2021,123000.0,1764.0,1129.0,27,5.208815,1687886479
Seychelles,2022,125533.0,1744.0,1185.0,27,4.399097,1854657827
Sierra Leone,2000,4423615.0,199261.0,88508.0,43998,5.290865,3217030909
Sierra Leone,2001,4692715.0,206540.0,89893.0,44381,5.221835,3012895640
Sierra Leone,2002,4971435.0,220140.0,93716.0,46161,5.5538883,3812040149
Sierra Leone,2003,5177686.0,225091.0,94781.0,46210,5.062198,4173559981
Sierra Leone,2004,5355715.0,227428.0,94773.0,45576,5.2379894,4443958500
Sierra Leone,2005,5501707.0,230908.0,93667.0,44608,5.23005,4637426225
Sierra Leone,2006,5624464.0,235141.0,91016.0,43640,5.2991314,4836052320
Sierra Leone,2007,5749353.0,236058.0,90317.0,42375,5.31663,5017392581
Sierra Leone,2008,5894728.0,239259.0,89412.0,41215,5.603326,5202336667
Sierra Leone,2009,6055655.0,241335.0,88668.0,40053,6.270755,5281974205
Sierra Leone,2010,6222715.0,243404.0,88064.0,38798,5.6420474,5617678842
Sierra Leone,2011,6387258.0,246024.0,87171.0,37584,6.6063676,6072747634
Sierra Leone,2012,6551078.0,247465.0,86545.0,36398,5.927642,6715143020
Sierra Leone,2013,6714057.0,245736.0,84472.0,34845,8.45845,7699806185
Sierra Leone,2014,6876385.0,244938.0,84802.0,33999,15.11887,7098065167
Sierra Leone,2015,7037660.0,243911.0,81635.0,32451,12.383123,6788352974
Sierra Leone,2016,7205339.0,246383.0,77599.0,30826,10.054385,7225348888
Sierra Leone,2017,7379300.0,249479.0,76228.0,30164,6.0053205,7457128029
Sierra Leone,2018,7554568.0,251868.0,73099.0,29089,5.2992744,7672926606
Sierra Leone,2019,7731994.0,253675.0,72604.0,28260,5.7052846,8095145458
Sierra Leone,2020,7912557.0,254755.0,73734.0,27432,5.6648974,7993685031
Sierra Leone,2021,8094603.0,256143.0,72817.0,26617,5.0724463,8465060863
Sierra Leone,2022,8276809.0,257167.0,70547.0,25804,4.8037744,8914856495
Singapore,2000,4035251.0,51230.0,17865.0,195,3.343364,140533304238
Singapore,2001,4116169.0,45971.0,17736.0,170,3.1630266,139028385430
Singapore,2002,4146898.0,45956.0,17743.0,161,3.358464,144482970559
Singapore,2003,4138241.0,41964.0,17434.0,144,3.6069927,151054425108
Singapore,2004,4172767.0,41159.0,17114.0,131,3.150198,166069208808
Singapore,2005,4268363.0,41601.0,16965.0,126,3.0336792,178302402123
Singapore,2006,4407064.0,42364.0,17254.0,125,2.9347465,194361682395
Singapore,2007,4596516.0,43655.0,17768.0,126,2.8374906,211896059498
Singapore,2008,4806742.0,44452.0,18366.0,127,3.1948845,215844707508
Singapore,2009,4968574.0,44518.0,18974.0,126,3.3937051,216120888113
Singapore,2010,5077020.0,42643.0,19713.0,122,3.1982615,247501100140
Singapore,2011,5182242.0,44984.0,19888.0,125,3.1539185,262883130580
Singapore,2012,5293345.0,48924.0,20182.0,132,3.3239279,274543305511
Singapore,2013,5385589.0,45704.0,20642.0,126,3.6822534,287769788882
Singapore,2014,5457899.0,48538.0,21312.0,130,3.871326,299095084828
Singapore,2015,5525343.0,47632.0,21989.0,127,4.180614,307998545269
Singapore,2016,5577936.0,46597.0,22656.0,124,4.379895,320044223810
Singapore,2017,5604087.0,46704.0,23204.0,121,4.359784,333891877148
Singapore,2018,5634366.0,47730.0,23586.0,120,4.0727572,344531704035
Singapore,2019,5669562.0,47479.0,23927.0,116,4.4074674,348524066699
Singapore,2020,5620151.0,47113.0,24806.0,127,5.700153,335939410470
Singapore,2021,5546291.0,45626.0,26076.0,107,5.145997,370007310021
Singapore,2022,5649888.0,45168.0,28340.0,107,4.331216,384845634898
Slovakia,2000,5380001.0,54799.0,53144.0,559,5.3074393,48483456226
Slovakia,2001,5379439.0,51253.0,52339.0,411,5.3405495,49901675269
Slovakia,2002,5377685.0,50745.0,51734.0,464,5.517939,52105958758
Slovakia,2003,5376197.0,51696.0,52472.0,502,5.484009,54636588083
Slovakia,2004,5376038.0,53652.0,52021.0,463,6.3966246,57581226217
Slovakia,2005,5376697.0,54374.0,53616.0,465,6.6161904,61315329710
Slovakia,2006,5376847.0,53950.0,53306.0,427,6.8522706,66788144152
Slovakia,2007,5376993.0,54554.0,53769.0,409,7.1753836,74013706023
Slovakia,2008,5379127.0,57438.0,52913.0,409,6.9597836,77983340266
Slovakia,2009,5385074.0,61070.0,52653.0,436,7.952804,73690093871
Slovakia,2010,5391857.0,60529.0,53027.0,408,7.6706524,78694079820
Slovakia,2011,5398105.0,60669.0,51464.0,363,7.3145223,80710556384
Slovakia,2012,5404877.0,57845.0,52009.0,394,7.527806,81977043067
Slovakia,2013,5410422.0,57249.0,51662.0,368,7.4801316,82553606913
Slovakia,2014,5415238.0,57348.0,50969.0,389,6.8654337,84789118561
Slovakia,2015,5420278.0,55555.0,53236.0,359,6.7410975,89178548717
Slovakia,2016,5427262.0,57430.0,51834.0,356,7.0608134,90915584911
Slovakia,2017,5435702.0,57903.0,53390.0,317,6.7338877,93529165482
Slovakia,2018,5443229.0,57597.0,53771.0,340,6.636775,97328432250
Slovakia,2019,5450627.0,57083.0,52697.0,352,6.91103,99543529164
Slovakia,2020,5455028.0,56663.0,59739.0,343,7.060278,96969818857
Slovakia,2021,5442766.0,56781.0,74407.0,319,7.628579,102454294896
Slovakia,2022,5473195.0,52754.0,58388.0,324,7.702452,103012252413
Slovenia,2000,1986817.0,18095.0,18765.0,95,7.8545637,32113425072
Slovenia,2001,1989684.0,17420.0,18656.0,88,7.955057,33021812643
Slovenia,2002,1991571.0,17468.0,18951.0,84,8.116325,34105781287
Slovenia,2003,1992499.0,17331.0,19221.0,96,8.174474,35195471631
Slovenia,2004,1993548.0,17967.0,18948.0,87,7.999595,36795465565
Slovenia,2005,1996915.0,18151.0,18501.0,84,8.053467,38213609800
Slovenia,2006,2003116.0,18939.0,18577.0,81,7.8672,40471568430
Slovenia,2007,2014159.0,19867.0,18400.0,72,7.5407605,43360927307
Slovenia,2008,2025090.0,21843.0,18614.0,69,7.8928757,44823161262
Slovenia,2009,2035610.0,21849.0,18596.0,68,8.642013,41420820595
Slovenia,2010,2044611.0,22373.0,18804.0,75,8.63942,41881476947
Slovenia,2011,2048805.0,22017.0,18991.0,69,8.600543,42155984116
Slovenia,2012,2053322.0,21989.0,19288.0,69,8.792637,40926910455
Slovenia,2013,2056452.0,21191.0,19403.0,57,8.840439,40589764218
Slovenia,2014,2058395.0,21205.0,19647.0,55,8.584872,41711191731
Slovenia,2015,2059946.0,20695.0,19800.0,48,8.577429,42709468274
Slovenia,2016,2061379.0,20392.0,20336.0,49,8.5691185,44005450729
Slovenia,2017,2062410.0,20288.0,20821.0,49,8.258889,46282469720
Slovenia,2018,2069484.0,19535.0,20860.0,45,8.352286,48309217703
Slovenia,2019,2083438.0,19241.0,20994.0,49,8.565645,50002578162
Slovenia,2020,2102421.0,18658.0,23811.0,44,9.489844,47959972369
Slovenia,2021,2113495.0,19399.0,23087.0,44,9.527244,51996698295
Slovenia,2022,2115231.0,18164.0,22493.0,56,9.626833,53384233078
Solomon Islands,2000,440481.0,15612.0,2673.0,476,4.8277893,769815580
Solomon Islands,2001,449137.0,15772.0,2713.0,477,6.607128,708564391
Solomon Islands,2002,457676.0,15946.0,2752.0,477,10.106276,688724702
Solomon Islands,2003,466164.0,16134.0,2789.0,476,7.077247,733653435
Solomon Islands,2004,474618.0,16273.0,2831.0,475,7.7255664,790024731
Solomon Islands,2005,483090.0,16438.0,2865.0,474,9.017945,848163277
Solomon Islands,2006,491602.0,16711.0,2914.0,475,8.008022,883254017
Solomon Islands,2007,500168.0,16977.0,3018.0,488,7.1858306,915402123
Solomon Islands,2008,508802.0,17221.0,3002.0,470,5.5065627,972394202
Solomon Islands,2009,518150.0,17450.0,3070.0,478,6.6096673,1000251965
Solomon Islands,2010,532976.0,17696.0,3092.0,461,4.66862,1097358149
Solomon Islands,2011,552958.0,18226.0,3139.0,463,5.0300865,1178894466
Solomon Islands,2012,573623.0,18776.0,3192.0,463,4.880457,1207965042
Solomon Islands,2013,594952.0,19327.0,3287.0,469,4.580309,1271231571
Solomon Islands,2014,616915.0,20083.0,3431.0,497,4.8896236,1286352300
Solomon Islands,2015,639423.0,20394.0,3484.0,465,4.453102,1307908813
Solomon Islands,2016,662387.0,20624.0,3599.0,453,4.529529,1380562408
Solomon Islands,2017,685677.0,20627.0,3731.0,442,4.165564,1423021077
Solomon Islands,2018,709109.0,20668.0,3877.0,430,3.8644083,1462095137
Solomon Islands,2019,728156.0,20689.0,4038.0,418,4.4372807,1487670872
Solomon Islands,2020,744505.0,20820.0,4330.0,422,4.8947845,1437368862
Solomon Islands,2021,762594.0,21123.0,4498.0,400,4.947959,1434092017
Solomon Islands,2022,781075.0,21310.0,4060.0,390,4.824184,1397028143
Somalia,2013,12869599.0,614448.0,165934.0,82088,3.3695374,5110628982
Somalia,2014,13339497.0,633049.0,168569.0,82701,3.0205376,5569461554
Somalia,2015,13806969.0,651292.0,169719.0,83080,2.940745,6152149099
Somalia,2016,14348741.0,668096.0,172953.0,83601,2.2842648,6584944951
Somalia,2017,14916630.0,688481.0,209919.0,106117,2.443481,7555288980
Somalia,2018,15452489.0,705717.0,191470.0,93395,2.5087326,7710498420
Somalia,2019,16030969.0,723617.0,174869.0,82381,2.4061725,7926418061
Somalia,2020,16651200.0,741705.0,180399.0,81722,2.4701052,7707287719
Somalia,2021,17271435.0,761567.0,195162.0,81319,2.7350917,7972973226
Somalia,2022,17801895.0,779534.0,228085.0,110772,2.8469162,8189695542
South Africa,2000,47159715.0,1017081.0,490138.0,72033,7.336619,221691970228
South Africa,2001,47566805.0,1011545.0,526754.0,74632,7.123279,227677653424
South Africa,2002,48019414.0,1004942.0,574030.0,78704,6.677745,236102579035
South Africa,2003,48500351.0,1037337.0,622283.0,82519,7.040982,243065422272
South Africa,2004,48991420.0,1084498.0,641921.0,84228,6.938416,254135982543
South Africa,2005,49490041.0,1124291.0,659846.0,85178,6.8621616,267546870424
South Africa,2006,49998271.0,1157144.0,669557.0,82786,6.8765087,282539679229
South Africa,2007,50528575.0,1166581.0,663057.0,80802,6.9051085,297685145427
South Africa,2008,51114595.0,1243597.0,648296.0,80558,7.1483226,307184409060
South Africa,2009,51728518.0,1178323.0,624186.0,68430,7.6494145,302459639039
South Africa,2010,52344047.0,1160896.0,594055.0,62553,7.7935824,311653604140
South Africa,2011,52995212.0,1169887.0,568156.0,48923,7.944344,321528523981
South Africa,2012,53782570.0,1189588.0,545852.0,49672,8.004289,329233094599
South Africa,2013,54678789.0,1197126.0,544728.0,50724,8.103223,337416077838
South Africa,2014,55594840.0,1211091.0,536322.0,50162,7.8713655,342186555600
South Africa,2015,56723536.0,1191603.0,522822.0,46542,8.053042,346709790458
South Africa,2016,57259550.0,1160623.0,519287.0,42551,8.079594,349013858372
South Africa,2017,57635158.0,1154876.0,508901.0,38178,7.9771137,353055253707
South Africa,2018,58613001.0,1163460.0,515170.0,40686,8.081966,358551560868
South Africa,2019,59587880.0,1173511.0,521415.0,42762,8.246529,359483563936
South Africa,2020,60562374.0,1182285.0,586416.0,34375,9.021741,337307318679
South Africa,2021,61502602.0,1190312.0,733898.0,43310,8.664503,353695896167
South Africa,2022,62378417.0,1190146.0,586473.0,49001,8.745123,360975440918
South Korea,2000,46766660.0,599446.0,239372.0,4657,3.717948,835011437852
South Korea,2001,47043467.0,541042.0,234535.0,4089,4.16984,874473540684
South Korea,2002,47299118.0,489165.0,238255.0,3560,3.9085476,942192762521
South Korea,2003,47514158.0,472791.0,243514.0,3188,4.4664035,971162614185
South Korea,2004,47697076.0,455459.0,244369.0,2848,4.43288,1021504157422
South Korea,2005,47851646.0,432815.0,244402.0,2527,4.6522355,1066023726231
South Korea,2006,48006518.0,440301.0,242709.0,2339,4.958518,1121936729365
South Korea,2007,48178122.0,462242.0,245911.0,2244,4.958342,1187479862374
South Korea,2008,48356485.0,447507.0,245168.0,2063,5.2464232,1223156560996
South Korea,2009,48546690.0,437242.0,244866.0,1926,5.6852508,1233184753860
South Korea,2010,48769329.0,449665.0,254107.0,1887,5.793907,1319281537670
South Korea,2011,49127640.0,455314.0,256248.0,1852,5.902929,1367937063745
South Korea,2012,49599580.0,460037.0,267037.0,1776,5.9576025,1402787524457
South Korea,2013,50071168.0,433882.0,267513.0,1651,6.0685863,1448958816285
South Korea,2014,50539055.0,427701.0,268254.0,1584,6.2448735,1495538208413
South Korea,2015,50983909.0,424787.0,278963.0,1522,6.462026,1539212301135
South Korea,2016,51297836.0,397938.0,283900.0,1406,6.6356945,1588028842393
South Korea,2017,51486268.0,356023.0,288801.0,1245,6.798275,1642548917819
South Korea,2018,51640894.0,322572.0,302790.0,1106,7.14222,1694718171579
South Korea,2019,51767844.0,295280.0,307997.0,988,7.693971,1733930596323
South Korea,2020,51858481.0,270034.0,317300.0,886,8.027228,1721788880530
South Korea,2021,51848401.0,259300.0,328056.0,800,8.344128,1801214449834
South Korea,2022,51782515.0,256588.0,390618.0,780,8.859531,1850343736945
Spain,2000,41019772.0,399049.0,356198.0,2122,6.8021784,977964704474
Spain,2001,41245602.0,406377.0,355154.0,1987,6.7692957,1016292009754
Spain,2002,41755703.0,413223.0,363436.0,2074,6.798786,1044295490089
Spain,2003,42506540.0,434713.0,379132.0,2130,7.5922318,1074990358774
Spain,2004,43234562.0,447528.0,366647.0,2145,7.6844788,1108471271904
Spain,2005,43958883.0,458937.0,382153.0,2074,7.7780747,1147835587310
Spain,2006,44695446.0,473449.0,366646.0,2007,7.8707247,1194247574981
Spain,2007,45516501.0,483893.0,380618.0,2032,7.962412,1236446314615
Spain,2008,46235055.0,509388.0,382016.0,2041,8.429064,1245931907237
Spain,2009,46635182.0,490774.0,381576.0,1908,9.15303,1198983535018
Spain,2010,46840469.0,481432.0,379018.0,1866,9.169926,1200112046037
Spain,2011,46998040.0,466867.0,384310.0,1748,9.217497,1192432281393
Spain,2012,47018323.0,451253.0,400520.0,1649,9.2189045,1158267740898
Spain,2013,46860394.0,426037.0,388410.0,1406,9.13715,1141735527746
Spain,2014,46720187.0,424669.0,394088.0,1450,9.151229,1159095455877
Spain,2015,46683683.0,417031.0,420770.0,1305,9.175533,1206164777553
Spain,2016,46732768.0,406867.0,409459.0,1318,8.88085,1241326362266
Spain,2017,46868594.0,389984.0,423362.0,1257,9.0217495,1277275696051
Spain,2018,47092817.0,370110.0,426882.0,1199,9.071225,1307871701701
Spain,2019,47435121.0,357540.0,418411.0,1154,9.215395,1333521400432
Spain,2020,47679482.0,343355.0,495379.0,1043,10.794792,1187633217292
Spain,2021,47735670.0,340310.0,457182.0,1068,10.344199,1267004457826
Spain,2022,47828386.0,339675.0,481525.0,1350,9.679959,1347716659731
Sri Lanka,2000,19293056.0,355040.0,127967.0,5970,4.1081867,37755215976
Sri Lanka,2001,19600361.0,371424.0,127046.0,5966,4.056628,37171743798
Sri Lanka,2002,19805750.0,379721.0,126875.0,5850,4.0371575,38645482886
Sri Lanka,2003,19951521.0,380930.0,128929.0,5752,3.646467,40941128556
Sri Lanka,2004,20087608.0,378170.0,165637.0,11002,4.039126,43170398094
Sri Lanka,2005,20216531.0,378376.0,129685.0,5206,3.8790874,45864985572
Sri Lanka,2006,20352416.0,383691.0,134966.0,5040,3.8501956,49382046547
Sri Lanka,2007,20492546.0,385456.0,137176.0,4843,3.8225818,52738458384
Sri Lanka,2008,20629377.0,375547.0,143310.0,4558,3.8548295,55876443144
Sri Lanka,2009,20756438.0,365886.0,165718.0,7986,4.0567684,57853861326
Sri Lanka,2010,20879092.0,358011.0,133676.0,4048,3.7414515,62491407972
Sri Lanka,2011,21009054.0,359070.0,134596.0,3921,3.581952,67909089970
Sri Lanka,2012,21169461.0,363017.0,133879.0,3742,3.306593,73771125788
Sri Lanka,2013,21358829.0,363696.0,134377.0,3589,3.6936536,76760144670
Sri Lanka,2014,21547454.0,356005.0,136637.0,3375,3.4678614,81655890498
Sri Lanka,2015,21729975.0,348168.0,139041.0,3107,3.6826396,85090300895
Sri Lanka,2016,21910763.0,342918.0,142273.0,2966,3.6178842,89390445520
Sri Lanka,2017,22087525.0,339514.0,145951.0,2873,3.3309343,95165677292
Sri Lanka,2018,22253116.0,337145.0,148576.0,2595,3.641888,97364084619
Sri Lanka,2019,22410552.0,334362.0,151041.0,2493,3.7011957,97149412501
Sri Lanka,2020,22561808.0,331170.0,153685.0,2338,4.2743163,92656723311
Sri Lanka,2021,22700377.0,328525.0,169409.0,2237,5.1942773,96555233166
Sri Lanka,2022,22834965.0,326112.0,159013.0,2136,3.9830046,89459202621
Sudan,2000,27816748.0,1135928.0,277388.0,114423,3.6066449,37610270337
Sudan,2001,28516774.0,1159198.0,278922.0,112861,3.3645687,40055073506
Sudan,2002,29228728.0,1181995.0,283999.0,112287,3.300109,42460970095
Sudan,2003,29896038.0,1201996.0,303764.0,116515,3.8918793,45131259048
Sudan,2004,30556641.0,1221251.0,331882.0,122842,4.155935,47451406763
Sudan,2005,31262447.0,1238372.0,331369.0,121891,4.0941815,50129334265
Sudan,2006,31992438.0,1253700.0,289964.0,108618,4.885443,53403487491
Sudan,2007,32764139.0,1273576.0,280746.0,104364,5.6626916,56466323951
Sudan,2008,33623980.0,1290879.0,289056.0,104807,5.4231358,58638439292
Sudan,2009,34569114.0,1316518.0,274727.0,99189,6.3949633,57015500648
Sudan,2010,35414403.0,1345298.0,276891.0,98294,5.0581017,59215296613
Sudan,2011,36140808.0,1348667.0,277772.0,96356,5.6157956,57312394053
Sudan,2012,36923175.0,1351018.0,277952.0,94373,5.68827,47566600027
Sudan,2013,37785852.0,1360851.0,282408.0,92686,6.9648747,48496595854
Sudan,2014,38823324.0,1377885.0,279915.0,90963,5.676197,50757206252
Sudan,2015,40024433.0,1428209.0,282932.0,90607,5.8111258,51726758676
Sudan,2016,41259892.0,1461090.0,286651.0,89986,5.684385,53520457581
Sudan,2017,42714311.0,1495973.0,287934.0,89214,5.917674,53900054790
Sudan,2018,44230597.0,1551365.0,293944.0,89135,4.4617286,52455031754
Sudan,2019,45548179.0,1590030.0,298306.0,88701,4.5996757,51312429477
Sudan,2020,46789237.0,1613314.0,317506.0,87476,3.0432343,49449890489
Sudan,2021,48066930.0,1630110.0,336278.0,85800,2.9669323,48525909156
Sudan,2022,49383344.0,1656075.0,322066.0,84340,3.7941644,48061119947
Suriname,2000,476647.0,12163.0,3837.0,374,5.8709216,2921018934
Suriname,2001,486566.0,12338.0,3985.0,366,3.8247497,3043701742
Suriname,2002,496566.0,12044.0,4123.0,349,5.3299155,3128925411
Suriname,2003,506421.0,11658.0,4264.0,330,4.888784,3326047695
Suriname,2004,513928.0,11334.0,4387.0,312,5.460808,3608761755
Suriname,2005,519321.0,11269.0,4237.0,301,5.243964,3771156041
Suriname,2006,525003.0,11378.0,4104.0,295,5.8559875,3989639610
Suriname,2007,531026.0,11453.0,3987.0,287,5.221486,4193569551
Suriname,2008,537252.0,11464.0,3909.0,280,4.746996,4367326198
Suriname,2009,543580.0,11444.0,3884.0,271,4.978103,4498944263
Suriname,2010,549931.0,11393.0,3905.0,264,4.697857,4731486826
Suriname,2011,556279.0,11360.0,3963.0,257,4.409322,5008248887
Suriname,2012,562640.0,11439.0,4036.0,253,4.284357,5142988298
Suriname,2013,569024.0,11450.0,4099.0,245,4.487381,5293854859
Suriname,2014,575380.0,11426.0,4145.0,239,4.5212784,5307380818
Suriname,2015,581634.0,11329.0,4177.0,230,5.8080816,5126237646
Suriname,2016,587765.0,11133.0,4158.0,223,5.9928374,4874454256
Suriname,2017,593720.0,10953.0,4188.0,212,5.3228593,4950790053
Suriname,2018,599519.0,10846.0,4233.0,204,6.605671,5195768566
Suriname,2019,605779.0,10824.0,4259.0,198,8.383536,5256433828
Suriname,2020,612320.0,10833.0,4187.0,191,6.034256,4416708447
Suriname,2021,617905.0,10861.0,5568.0,186,5.0170417,4309144555
Suriname,2022,623172.0,10887.0,4165.0,180,5.9329777,4412832154
Sweden,2000,8872099.0,90029.0,93406.0,356,7.3249555,368740595935
Sweden,2001,8896018.0,91280.0,93822.0,399,7.8924894,373758441664
Sweden,2002,8925045.0,95429.0,95054.0,386,8.185974,382271644878
Sweden,2003,8958434.0,98751.0,92879.0,383,8.316543,389462280395
Sweden,2004,8993805.0,100487.0,90608.0,360,8.142819,405740184306
Sweden,2005,9029771.0,101129.0,91952.0,328,8.159873,417073066879
Sweden,2006,9080628.0,105017.0,91198.0,367,8.042177,436575715827
Sweden,2007,9148280.0,106653.0,91756.0,335,7.9882226,450654706998
Sweden,2008,9219903.0,108445.0,91455.0,327,8.226036,446494653686
Sweden,2009,9298738.0,110778.0,90186.0,363,8.77743,427493565399
Sweden,2010,9378234.0,114261.0,90681.0,357,8.323847,452077714777
Sweden,2011,9449263.0,111188.0,89937.0,290,10.50179,466380936831
Sweden,2012,9519477.0,112158.0,91896.0,350,10.834198,464448264944
Sweden,2013,9600620.0,112690.0,90335.0,354,10.987218,469732138276
Sweden,2014,9696438.0,113810.0,88945.0,299,11.072126,480516119003
Sweden,2015,9799483.0,114014.0,90975.0,337,10.930692,501602351911
Sweden,2016,9923281.0,115765.0,90983.0,345,10.956924,512292396637
Sweden,2017,10057864.0,114397.0,91930.0,320,10.9473095,521937949816
Sweden,2018,10175400.0,114683.0,92259.0,300,11.091327,531177584320
Sweden,2019,10279120.0,113665.0,88780.0,289,10.934443,545031918111
Sweden,2020,10353682.0,112697.0,98382.0,316,11.424587,534492107010
Sweden,2021,10416134.0,113236.0,91914.0,267,11.230136,562423939232
Sweden,2022,10487335.0,104855.0,94673.0,279,10.855057,569484812988
Switzerland,2000,7184003.0,77396.0,62717.0,453,9.134424,538339395342
Switzerland,2001,7226391.0,71686.0,61482.0,443,9.460401,546910823425
Switzerland,2002,7278744.0,71363.0,61919.0,399,9.880001,548991327622
Switzerland,2003,7333451.0,71095.0,63368.0,362,10.136968,547430971526
Switzerland,2004,7384196.0,72160.0,60443.0,387,10.225765,561592621839
Switzerland,2005,7431824.0,72245.0,61388.0,362,10.058234,578171312685
Switzerland,2006,7478514.0,72600.0,60599.0,375,9.5802,602074779439
Switzerland,2007,7545386.0,73400.0,61445.0,340,9.416938,626056585014
Switzerland,2008,7641730.0,75325.0,61488.0,344,9.531677,641905809443
Switzerland,2009,7737644.0,77128.0,62882.0,382,10.141506,629485513283
Switzerland,2010,7825750.0,79172.0,62923.0,347,9.990786,650010711944
Switzerland,2011,7914379.0,79714.0,62321.0,347,10.103931,659160657118
Switzerland,2012,7998927.0,81027.0,64352.0,347,10.335111,666570517717
Switzerland,2013,8091199.0,81688.0,65482.0,366,10.594445,678809578498
Switzerland,2014,8190238.0,84045.0,64136.0,376,10.675119,696074580680
Switzerland,2015,8283940.0,85476.0,67994.0,390,10.979831,706199008878
Switzerland,2016,8374903.0,86752.0,65191.0,340,11.202488,719698645165
Switzerland,2017,8453630.0,86532.0,67303.0,359,11.374716,729920856964
Switzerland,2018,8516341.0,86891.0,67603.0,343,11.198911,754208481229
Switzerland,2019,8577525.0,85393.0,68099.0,324,11.42589,762620333380
Switzerland,2020,8640582.0,85214.0,76428.0,363,11.989609,745421277740
Switzerland,2021,8707019.0,89352.0,71449.0,327,11.958556,791460198101
Switzerland,2022,8792180.0,81859.0,76536.0,325,11.599118,819432798585
Syria,2000,16637884.0,519171.0,72961.0,12057,4.572029,20770464164
Syria,2001,17051337.0,524230.0,72718.0,11739,4.7145824,21558371666
Syria,2002,17468335.0,526366.0,72405.0,11423,4.9641676,23252547295
Syria,2003,17889297.0,529103.0,72122.0,11134,5.1350102,23389919092
Syria,2004,18336879.0,533907.0,72695.0,10953,4.4975314,25004416047
Syria,2005,18814092.0,542371.0,73420.0,10866,4.127133,26558566638
Syria,2006,19637016.0,555206.0,74589.0,10896,3.7962031,27898712655
Syria,2007,20884136.0,607186.0,78021.0,11574,3.7392018,29481891562
Syria,2008,21636566.0,659145.0,82545.0,12385,3.4137812,30801684271
Syria,2009,21976971.0,642799.0,83496.0,12249,3.5743122,32622770589
Syria,2010,22482417.0,644639.0,85977.0,12363,3.352863,34316384709
Syria,2011,22878104.0,643104.0,99154.0,14247,2.661626,35294477374
Syria,2012,22759763.0,630948.0,155420.0,22394,3.2206078,25998298625
Syria,2013,21666921.0,582156.0,162811.0,22927,3.7751853,19160679076
Syria,2014,20273661.0,482189.0,149078.0,19371,4.231714,17185147685
Syria,2015,19424615.0,413713.0,159728.0,17913,3.6746433,16466861435
Syria,2016,19193835.0,376564.0,140552.0,13787,3.8907351,15412046167
Syria,2017,19224671.0,376524.0,139305.0,13398,3.912993,15300563702
Syria,2018,19577849.0,370649.0,128113.0,12598,3.9385257,15513736241
Syria,2019,20353536.0,401308.0,107550.0,9839,3.9697857,15703116792
Syria,2020,21049431.0,434463.0,106456.0,9378,3.6700912,15853068144
Syria,2021,21628837.0,457916.0,107360.0,9342,3.504033,16136789237
Syria,2022,22462170.0,476966.0,107218.0,9942,3.384097,16104116653
Tajikistan,2000,6284737.0,182945.0,46396.0,15644,4.264924,2699528109
Tajikistan,2001,6407376.0,187525.0,45248.0,14496,4.5780253,2958165475
Tajikistan,2002,6531674.0,190613.0,44126.0,13535,4.4364724,3277647457
Tajikistan,2003,6658575.0,192775.0,42381.0,12637,4.7021866,3638188647
Tajikistan,2004,6790555.0,202960.0,41761.0,12135,4.799112,4012922039
Tajikistan,2005,6924722.0,202686.0,42495.0,11432,5.210247,4281787756
Tajikistan,2006,7057566.0,206269.0,42224.0,10874,5.032548,4581513037
Tajikistan,2007,7194479.0,215307.0,42116.0,10585,5.540501,4938871059
Tajikistan,2008,7338402.0,224338.0,41996.0,10436,5.912067,5329041788
Tajikistan,2009,7490232.0,235272.0,42427.0,10418,5.855798,5536874479
Tajikistan,2010,7652144.0,244745.0,43358.0,10493,5.7354345,5896771269
Tajikistan,2011,7824788.0,251995.0,43571.0,10426,5.859718,6333132378
Tajikistan,2012,8014087.0,256550.0,43466.0,10353,5.9818587,6808117273
Tajikistan,2013,8216733.0,264122.0,43433.0,10328,6.532264,7311917934
Tajikistan,2014,8425559.0,271579.0,44277.0,10332,6.6654973,7801816486
Tajikistan,2015,8643839.0,276548.0,45649.0,10271,6.907359,8271431485
Tajikistan,2016,8865623.0,274310.0,45759.0,10035,6.963497,8842160257
Tajikistan,2017,9085942.0,269396.0,45002.0,9659,6.85399,9469953672
Tajikistan,2018,9307345.0,274185.0,45588.0,9511,7.013816,10189670046
Tajikistan,2019,9529970.0,277968.0,46143.0,9321,6.9476676,10943705646
Tajikistan,2020,9749312.0,276503.0,57031.0,9011,8.890353,11425228817
Tajikistan,2021,9966912.0,276523.0,53672.0,8756,8.375045,12499200274
Tajikistan,2022,10182228.0,275357.0,47022.0,8478,7.629174,13499136339
Tanzania,2000,34260142.0,1422747.0,437581.0,177289,3.4152994,18486481203
Tanzania,2001,35198303.0,1457122.0,430894.0,171175,4.235517,19608760036
Tanzania,2002,36121301.0,1487161.0,423951.0,164388,4.6890764,20999647619
Tanzania,2003,37089555.0,1533095.0,414659.0,158044,5.3423147,22400909970
Tanzania,2004,38109666.0,1582585.0,407208.0,152556,5.7373414,24081832736
Tanzania,2005,39182083.0,1624699.0,400515.0,147031,6.3228254,25882267435
Tanzania,2006,40294900.0,1651022.0,393068.0,141136,7.598279,27572954444
Tanzania,2007,41435508.0,1664390.0,386099.0,134659,6.8842797,29439239572
Tanzania,2008,42570728.0,1684906.0,381162.0,128706,5.5570474,31113277454
Tanzania,2009,43633975.0,1708809.0,376760.0,123241,5.0630636,32752668789
Tanzania,2010,44758491.0,1734654.0,371189.0,118204,5.223922,34828049320
Tanzania,2011,46029371.0,1754071.0,369210.0,113662,5.0559845,37500111399
Tanzania,2012,47374261.0,1805063.0,365712.0,110643,5.0177937,39187673997
Tanzania,2013,48824134.0,1875230.0,366215.0,108821,4.646434,41845219654
Tanzania,2014,50351506.0,1931208.0,365628.0,107311,4.0149207,44662433111
Tanzania,2015,52020958.0,1957132.0,364226.0,104792,3.6496994,47413919817
Tanzania,2016,53824012.0,2025496.0,365992.0,103184,3.9635034,50669888784
Tanzania,2017,55652888.0,2093157.0,366243.0,101687,4.0232573,54078588995
Tanzania,2018,57437134.0,2144432.0,366537.0,99645,4.3277583,57054358529
Tanzania,2019,59174889.0,2182541.0,365896.0,97565,4.0234776,60363511324
Tanzania,2020,60972803.0,2221661.0,360302.0,95932,3.0502868,61565931105
Tanzania,2021,62830410.0,2262827.0,382678.0,93756,3.4696333,64226431583
Tanzania,2022,64711822.0,2306107.0,378175.0,92400,3.134975,67159014151
Thailand,2000,63007815.0,946821.0,402906.0,20452,3.1012535,221454615181
Thailand,2001,63651137.0,933472.0,409190.0,19112,3.0262377,229082063572
Thailand,2002,64266433.0,921230.0,416953.0,17842,3.334723,243168402250
Thailand,2003,64868164.0,911609.0,423562.0,16646,3.2431278,260650370324
Thailand,2004,65452049.0,904574.0,437979.0,16618,3.1389315,277043563911
Thailand,2005,66017415.0,890476.0,434061.0,14603,3.1597223,288645146658
Thailand,2006,66567685.0,879215.0,437998.0,13757,3.0997083,302984491694
Thailand,2007,67102388.0,867371.0,442024.0,12782,3.1927752,319452158416
Thailand,2008,67619835.0,846908.0,445205.0,11889,3.4593394,324964940636
Thailand,2009,68121077.0,830227.0,447643.0,11122,3.6193964,322720673508
Thailand,2010,68579443.0,823589.0,453105.0,10557,3.390098,346967938038
Thailand,2011,69007212.0,824136.0,458493.0,10205,3.568255,349882927003
Thailand,2012,69436091.0,816412.0,464915.0,9559,3.5229404,375224234353
Thailand,2013,69845112.0,793955.0,468892.0,9000,3.4531333,385308369004
Thailand,2014,70216362.0,768882.0,474245.0,8430,3.684481,389101609925
Thailand,2015,70540787.0,747300.0,480951.0,7908,3.852286,401296238228
Thailand,2016,70859835.0,716458.0,490202.0,7370,3.939006,415081396923
Thailand,2017,71160183.0,694861.0,500216.0,6922,3.8527684,432422173710
Thailand,2018,71376081.0,670932.0,511577.0,6432,3.8704033,450682801200
Thailand,2019,71522264.0,647680.0,530847.0,6004,3.7891188,460212749509
Thailand,2020,71641484.0,629882.0,545795.0,5629,4.357247,432171696151
Thailand,2021,71727338.0,612870.0,555448.0,5278,5.154,438907447802
Thailand,2022,71735321.0,601151.0,662166.0,5246,5.3547115,450485133397
Togo,2000,4783721.0,180436.0,57726.0,20830,3.33427,3492826929
Togo,2001,4904135.0,185465.0,59043.0,20770,3.4422195,3521588220
Togo,2002,5027128.0,190391.0,60110.0,20681,3.4450235,3656346110
Togo,2003,5154113.0,195078.0,61225.0,20611,3.4451392,3902058836
Togo,2004,5281320.0,199066.0,62263.0,20497,3.481319,3863870739
Togo,2005,5413151.0,206614.0,63337.0,20541,3.9824204,3683570962
Togo,2006,5569659.0,215775.0,64949.0,20782,4.309678,3781190459
Togo,2007,5748437.0,225246.0,66936.0,21281,3.6773443,3736756295
Togo,2008,5936140.0,233444.0,68815.0,21489,3.7407193,3887557323
Togo,2009,6130944.0,241541.0,70805.0,21628,3.9272676,4099577351
Togo,2010,6325791.0,248550.0,72754.0,21605,4.332844,4339580301
Togo,2011,6500577.0,250436.0,73953.0,21146,4.389271,4592285181
Togo,2012,6653719.0,249477.0,73429.0,20525,4.643665,4881723795
Togo,2013,6798851.0,249669.0,72799.0,19835,4.7867026,5166047627
Togo,2014,6937647.0,252091.0,72418.0,19240,4.904734,5457063353
Togo,2015,7071500.0,255269.0,72177.0,18706,6.247385,5755457836
Togo,2016,7200883.0,259245.0,72239.0,18242,6.5855007,5998044851
Togo,2017,7324379.0,261762.0,72370.0,17722,6.5021048,6238441246
Togo,2018,7458205.0,264249.0,72772.0,17206,6.1607366,6537585941
Togo,2019,7619916.0,265990.0,73005.0,16983,5.9126863,6859201998
Togo,2020,7788058.0,266752.0,74279.0,16776,6.1892843,7007292259
Togo,2021,7936185.0,267413.0,74756.0,16248,5.6165967,7367160812
Togo,2022,8068616.0,267305.0,72260.0,15523,6.2409406,7830882103
Tonga,2000,102695.0,3018.0,667.0,50,2.903892,397019709
Tonga,2001,103305.0,3033.0,670.0,50,3.425016,402945154
Tonga,2002,103888.0,3069.0,670.0,49,3.5895774,420792496
Tonga,2003,104481.0,3122.0,673.0,49,3.4358308,421010489
Tonga,2004,105088.0,3152.0,675.0,48,4.5074162,412725224
Tonga,2005,105684.0,3172.0,681.0,47,4.3856025,410010934
Tonga,2006,106266.0,3137.0,678.0,45,5.4722505,401131477
Tonga,2007,106744.0,3099.0,679.0,44,4.7333,391246363
Tonga,2008,107036.0,3073.0,676.0,43,6.057597,410272052
Tonga,2009,107219.0,3044.0,689.0,43,3.9738088,389228468
Tonga,2010,107415.0,3008.0,680.0,39,4.8163233,392437255
Tonga,2011,107584.0,2975.0,684.0,39,4.739908,418745062
Tonga,2012,107476.0,2931.0,680.0,38,8.137861,422596515
Tonga,2013,107093.0,2877.0,680.0,37,4.1676884,424261218
Tonga,2014,106627.0,2814.0,681.0,36,5.195832,432706298
Tonga,2015,106110.0,2741.0,678.0,34,4.7813764,437525538
Tonga,2016,105536.0,2662.0,675.0,32,5.2259107,466396531
Tonga,2017,105373.0,2583.0,669.0,30,5.629528,481332039
Tonga,2018,105590.0,2549.0,673.0,29,6.1224065,483872645
Tonga,2019,105688.0,2520.0,680.0,29,5.745279,482492588
Tonga,2020,105721.0,2498.0,683.0,28,5.5591984,491207307
Tonga,2021,105504.0,2480.0,708.0,27,7.062541,486614912
Tonga,2022,105053.0,2453.0,684.0,27,7.9527674,476257076
Trinidad and Tobago,2000,1319781.0,19624.0,9035.0,543,4.234925,13228122077
Trinidad and Tobago,2001,1325573.0,19527.0,9089.0,534,4.034649,13779539518
Trinidad and Tobago,2002,1332017.0,19352.0,9038.0,524,4.723025,14873181566
Trinidad and Tobago,2003,1338718.0,19287.0,9116.0,513,4.187671,17021016160
Trinidad and Tobago,2004,1345386.0,19220.0,9077.0,503,4.308052,18374195713
Trinidad and Tobago,2005,1352040.0,19375.0,9115.0,495,4.4345117,19515038110
Trinidad and Tobago,2006,1358706.0,19552.0,9196.0,486,4.15432,22092595781
Trinidad and Tobago,2007,1365381.0,19623.0,9207.0,476,4.1536026,23142924113
Trinidad and Tobago,2008,1372090.0,19603.0,9255.0,465,3.6575706,23927871251
Trinidad and Tobago,2009,1379056.0,19612.0,9330.0,450,5.4867644,22877023931
Trinidad and Tobago,2010,1386657.0,19534.0,9328.0,435,5.080429,23637278843
Trinidad and Tobago,2011,1394990.0,19429.0,9345.0,420,4.721979,23567701471
Trinidad and Tobago,2012,1403814.0,19301.0,9446.0,406,4.6285157,25149270114
Trinidad and Tobago,2013,1412658.0,19086.0,9577.0,390,4.802247,25996346049
Trinidad and Tobago,2014,1421135.0,18886.0,9828.0,375,4.873817,26950637730
Trinidad and Tobago,2015,1429190.0,18624.0,10194.0,359,5.6525383,26841141793
Trinidad and Tobago,2016,1437031.0,18399.0,10510.0,344,6.4746585,24818295899
Trinidad and Tobago,2017,1445265.0,18053.0,10831.0,328,6.56563,23608962518
Trinidad and Tobago,2018,1470522.0,17735.0,11382.0,327,6.650894,23385751652
Trinidad and Tobago,2019,1484898.0,17949.0,11807.0,317,6.907048,23495134887
Trinidad and Tobago,2020,1481026.0,17249.0,12309.0,295,7.4767733,21430194900
Trinidad and Tobago,2021,1487715.0,16797.0,14525.0,282,7.205213,21276595987
Trinidad and Tobago,2022,1495923.0,16435.0,12304.0,271,6.6441603,21459842974
Tunisia,2000,9764940.0,161597.0,49101.0,4932,4.8127193,27972115617
Tunisia,2001,9869679.0,160157.0,50003.0,4546,4.8613276,29034013115
Tunisia,2002,9971521.0,159905.0,50799.0,4238,5.120364,29418004531
Tunisia,2003,10071638.0,163658.0,51731.0,4051,5.208885,30801356639
Tunisia,2004,10166170.0,166048.0,52714.0,3868,5.198908,32722064779
Tunisia,2005,10255474.0,169176.0,53791.0,3729,5.145558,33862934470
Tunisia,2006,10346408.0,171877.0,54933.0,3625,5.131099,35638740560
Tunisia,2007,10441705.0,175101.0,56174.0,3569,5.1754284,38029929333
Tunisia,2008,10542637.0,179305.0,57437.0,3543,5.1644063,39641554633
Tunisia,2009,10650682.0,184294.0,58820.0,3567,5.405953,40848025576
Tunisia,2010,10765984.0,193140.0,60333.0,3653,5.6095076,42061674642
Tunisia,2011,10886041.0,205664.0,62263.0,3828,6.122993,41200826152
Tunisia,2012,11009649.0,215574.0,63759.0,3911,6.2898474,42938131960
Tunisia,2013,11141365.0,220100.0,65406.0,3939,6.51395,43981498924
Tunisia,2014,11274295.0,221627.0,66864.0,3923,6.450061,45340671513
Tunisia,2015,11402270.0,221370.0,68365.0,3828,6.2133994,45779494041
Tunisia,2016,11528676.0,218516.0,69647.0,3658,6.2477818,46290957182
Tunisia,2017,11650504.0,211670.0,70700.0,3414,6.1855745,47333713938
Tunisia,2018,11765515.0,204065.0,71620.0,3139,5.9375186,48567689496
Tunisia,2019,11875084.0,199737.0,72421.0,2878,6.0246124,49320533876
Tunisia,2020,11974058.0,189037.0,79610.0,2570,7.056126,44893953703
Tunisia,2021,12048625.0,168668.0,100571.0,2182,7.34184,47020147729
Tunisia,2022,12119338.0,171170.0,74640.0,2007,7.512707,48314277429
Turkey,2000,65425957.0,1401449.0,380910.0,52535,4.599572,413901474163
Turkey,2001,66245125.0,1364156.0,383597.0,47698,4.8878493,391304902374
Turkey,2002,67048792.0,1309563.0,386586.0,42840,5.0622787,416487363949
Turkey,2003,67831735.0,1285362.0,391651.0,39080,5.014277,440639854394
Turkey,2004,68592621.0,1293430.0,397419.0,36273,4.9096446,484375146822
Turkey,2005,69329557.0,1302959.0,404340.0,33701,4.893897,528509363515
Turkey,2006,70045351.0,1308853.0,411510.0,31311,5.145917,565862429106
Turkey,2007,70750593.0,1307517.0,417793.0,28991,5.237608,594767729617
Turkey,2008,71562343.0,1299747.0,427468.0,26823,5.2176175,600240295872
Turkey,2009,72464846.0,1293077.0,432527.0,24908,5.494387,570932398858
Turkey,2010,73346766.0,1261173.0,437694.0,22791,5.0205345,619702577582
Turkey,2011,74215203.0,1249292.0,460289.0,21282,4.653051,687745688381
Turkey,2012,75197196.0,1292422.0,444914.0,20427,4.4444466,720809935556
Turkey,2013,76403032.0,1302576.0,435651.0,19419,4.3709993,781994134596
Turkey,2014,78036154.0,1369294.0,441958.0,19123,4.3251786,817972077517
Turkey,2015,80014222.0,1389210.0,456925.0,18513,4.1169043,865460050683
Turkey,2016,81652087.0,1400744.0,472503.0,17795,4.2846923,894225044186
Turkey,2017,83083667.0,1392487.0,469484.0,16903,4.17975,964205820086
Turkey,2018,84415966.0,1362283.0,468096.0,15881,4.121016,997645953748
Turkey,2019,85357670.0,1288466.0,471136.0,14520,4.3595433,1010631549472
Turkey,2020,86091691.0,1194951.0,566481.0,12953,4.616402,1028853867659
Turkey,2021,86686254.0,1142982.0,640535.0,11777,4.5606556,1150372769727
Turkey,2022,87058469.0,1079023.0,555768.0,10600,3.703389,1212967141770
Turkmenistan,2000,4582675.0,108686.0,31815.0,7483,4.0308003,10340363396
Turkmenistan,2001,4675416.0,108504.0,31822.0,7132,4.766053,10789532801
Turkmenistan,2002,4769473.0,107705.0,32067.0,6752,4.106967,10817281321
Turkmenistan,2003,4863871.0,109170.0,32429.0,6458,4.978492,11170879714
Turkmenistan,2004,4958091.0,112847.0,33000.0,6250,6.186523,11729469205
Turkmenistan,2005,5052260.0,117536.0,33571.0,6099,5.588868,13258292303
Turkmenistan,2006,5147103.0,121798.0,33962.0,5967,4.920757,14713165592
Turkmenistan,2007,5244047.0,126056.0,34024.0,5876,3.0932863,16340338654
Turkmenistan,2008,5345033.0,130646.0,33831.0,5849,3.4538045,18742368438
Turkmenistan,2009,5451597.0,136588.0,33658.0,5921,2.8147128,19885652916
Turkmenistan,2010,5564356.0,143076.0,33758.0,6057,3.2087944,21715132999
Turkmenistan,2011,5683413.0,149461.0,34267.0,6231,3.22296,24911234035
Turkmenistan,2012,5808548.0,156113.0,35158.0,6449,3.3420355,27664132453
Turkmenistan,2013,5939348.0,162445.0,36229.0,6688,3.9692926,30475595365
Turkmenistan,2014,6075286.0,166864.0,37184.0,6895,4.2574167,33629738845
Turkmenistan,2015,6215773.0,170720.0,38057.0,7097,5.016529,35799714285
Turkmenistan,2016,6360041.0,171349.0,38760.0,7200,5.587185,38029714277
Turkmenistan,2017,6507065.0,170953.0,39534.0,7250,5.823612,40483157023
Turkmenistan,2018,6655523.0,169731.0,40192.0,7233,5.5529804,42995551317
Turkmenistan,2019,6803943.0,169003.0,40726.0,7180,5.5522337,45717898781
Turkmenistan,2020,6949915.0,167630.0,43617.0,7051,5.572261,48401839455
Turkmenistan,2021,7092042.0,165586.0,42862.0,6859,5.4919662,51379113005
Turkmenistan,2022,7230197.0,163656.0,41841.0,6642,5.3710375,54582556335
Tuvalu,2000,9566.0,254.0,87.0,11,22.281742,29122360
Tuvalu,2001,9608.0,245.0,86.0,10,17.965483,29324945
Tuvalu,2002,9645.0,235.0,86.0,10,11.836918,31764000
Tuvalu,2003,9715.0,229.0,86.0,9,13.703371,30382017
Tuvalu,2004,9839.0,227.0,84.0,9,9.331497,29808362
Tuvalu,2005,9964.0,226.0,82.0,8,10.066943,28691547
Tuvalu,2006,10078.0,226.0,84.0,8,12.175544,29064835
Tuvalu,2007,10204.0,223.0,84.0,7,10.45885,31071900
Tuvalu,2008,10344.0,224.0,87.0,7,10.339772,33116182
Tuvalu,2009,10479.0,229.0,91.0,7,13.011382,31255078
Tuvalu,2010,10635.0,235.0,96.0,7,16.213526,30483621
Tuvalu,2011,10804.0,243.0,107.0,7,14.743904,32776023
Tuvalu,2012,10960.0,250.0,112.0,7,13.873743,31841001
Tuvalu,2013,11028.0,251.0,114.0,7,13.803921,33052558
Tuvalu,2014,11007.0,252.0,113.0,7,14.527622,33603619
Tuvalu,2015,10985.0,256.0,107.0,6,13.441886,36755290
Tuvalu,2016,10951.0,260.0,106.0,6,18.325392,38510909
Tuvalu,2017,10892.0,264.0,106.0,6,24.457632,39769456
Tuvalu,2018,10775.0,268.0,107.0,6,18.421999,40320933
Tuvalu,2019,10603.0,263.0,104.0,6,22.22294,45742689
Tuvalu,2020,10423.0,256.0,105.0,6,17.887154,44356547
Tuvalu,2021,10214.0,248.0,101.0,5,18.574112,44356547
Tuvalu,2022,10012.0,241.0,90.0,4,21.28792,39505050
Uganda,2000,24000158.0,1157941.0,354860.0,161229,5.0827775,12220817656
Uganda,2001,24745678.0,1185690.0,348931.0,157291,5.052084,12854303430
Uganda,2002,25532872.0,1211424.0,342689.0,152054,4.771369,13976829355
Uganda,2003,26352124.0,1237537.0,336185.0,147344,4.299158,14881585674
Uganda,2004,27154513.0,1262893.0,324265.0,140677,4.700222,15894609936
Uganda,2005,27963287.0,1281635.0,312558.0,133937,5.805163,16901146460
Uganda,2006,28794005.0,1301032.0,301064.0,127141,6.463305,18723891904
Uganda,2007,29653437.0,1320278.0,290384.0,120604,6.11309,20299025448
Uganda,2008,30539547.0,1337132.0,281217.0,114260,5.4547496,22066817213
Uganda,2009,31451147.0,1364387.0,273764.0,108819,5.7884555,23567695614
Uganda,2010,32390801.0,1389208.0,267647.0,103810,6.8089023,24896350765
Uganda,2011,33354541.0,1408226.0,260973.0,98668,6.6959095,27234530259
Uganda,2012,34337436.0,1422236.0,254759.0,93687,6.1085396,28279643267
Uganda,2013,35337050.0,1432962.0,248714.0,88939,5.782524,29294007439
Uganda,2014,36395542.0,1445397.0,243805.0,84664,5.3365307,30789849487
Uganda,2015,37531444.0,1464001.0,239151.0,80742,4.9964314,32387183730
Uganda,2016,38799153.0,1485180.0,235624.0,77272,5.015533,33935615078
Uganda,2017,40177384.0,1524479.0,233814.0,74567,3.9985204,34998276801
Uganda,2018,41565839.0,1565908.0,233303.0,72654,4.021534,37204541496
Uganda,2019,42999636.0,1600115.0,233041.0,70929,3.7934136,39600047064
Uganda,2020,44457148.0,1636139.0,238845.0,69911,5.238655,40768765796
Uganda,2021,45910931.0,1668475.0,245140.0,69001,5.473749,42210585952
Uganda,2022,47312718.0,1693817.0,238199.0,69104,4.4507113,44147216889
Ukraine,2000,49556654.0,387659.0,751826.0,6309,5.306852,69836368849
Ukraine,2001,49106854.0,381999.0,756747.0,5878,5.725344,75981969310
Ukraine,2002,48677280.0,394917.0,759475.0,5539,5.9922004,80039138412
Ukraine,2003,48315133.0,412908.0,764185.0,5348,6.545741,87656150954
Ukraine,2004,47979502.0,429844.0,774003.0,5387,6.1685696,97995502972
Ukraine,2005,47585558.0,433964.0,771847.0,5432,6.3461585,101005170642
Ukraine,2006,47278691.0,462724.0,763523.0,5897,6.4171896,108652697104
Ukraine,2007,47062802.0,480123.0,762790.0,6087,6.017768,117579433691
Ukraine,2008,46819168.0,515646.0,744766.0,6232,5.4975443,120217318405
Ukraine,2009,46623731.0,522252.0,720131.0,5921,6.609917,102020662582
Ukraine,2010,46455997.0,507052.0,687455.0,5550,6.813876,106195352549
Ukraine,2011,46307854.0,511877.0,670263.0,5429,6.8166986,111977987704
Ukraine,2012,46210051.0,527665.0,658105.0,5281,7.1178923,112148546939
Ukraine,2013,46126760.0,515323.0,644999.0,4891,6.94358,112199506223
Ukraine,2014,45972379.0,488795.0,629003.0,4597,7.1950617,100891035818
Ukraine,2015,45784904.0,448778.0,595886.0,4135,7.7835283,91030967789
Ukraine,2016,45616831.0,438564.0,574250.0,3921,7.552054,93253017277
Ukraine,2017,45436037.0,398895.0,557290.0,3576,7.4461036,95453762636
Ukraine,2018,45208903.0,367319.0,594815.0,3105,7.5205135,98783535744
Ukraine,2019,44957451.0,351719.0,587988.0,2793,7.0938935,101944118786
Ukraine,2020,44680008.0,337567.0,645107.0,2479,7.5621705,98118341608
Ukraine,2021,44298642.0,309089.0,759003.0,2290,8.202748,101499127457
United Arab Emirates,2000,3493583.0,56993.0,7003.0,632,2.3950446,198921924880
United Arab Emirates,2001,3723596.0,59497.0,6711.0,640,2.484364,201704686675
United Arab Emirates,2002,3956829.0,62434.0,6512.0,646,2.7177086,206612917837
United Arab Emirates,2003,4192465.0,65598.0,6476.0,657,2.646344,224796049036
United Arab Emirates,2004,4428964.0,66945.0,6602.0,652,2.4622564,246301222105
United Arab Emirates,2005,4664797.0,66905.0,6865.0,638,2.3202107,258259482836
United Arab Emirates,2006,5009106.0,61574.0,7234.0,589,2.3254137,283665189297
United Arab Emirates,2007,5624640.0,62588.0,7541.0,589,2.566027,292698259936
United Arab Emirates,2008,6302669.0,63022.0,7597.0,593,2.9285762,302040639158
United Arab Emirates,2009,6707063.0,74333.0,7815.0,659,4.0500016,286204884318
United Arab Emirates,2010,6938372.0,78052.0,7451.0,673,3.7443314,290792319431
United Arab Emirates,2011,7199436.0,81872.0,7398.0,682,3.566664,310381577991
United Arab Emirates,2012,7497122.0,87548.0,7752.0,705,3.3359637,324917543197
United Arab Emirates,2013,7831851.0,92561.0,8089.0,724,3.5022218,340898452024
United Arab Emirates,2014,8236880.0,94485.0,8348.0,725,3.534055,356691997288
United Arab Emirates,2015,8674633.0,95591.0,8858.0,723,3.4660935,381973135513
United Arab Emirates,2016,9030873.0,97054.0,9095.0,721,3.895801,403584799169
United Arab Emirates,2017,9234330.0,98443.0,8961.0,715,4.0085497,399301266566
United Arab Emirates,2018,9346870.0,95790.0,8950.0,684,4.098542,405439350953
United Arab Emirates,2019,9377855.0,94664.0,8974.0,659,4.4029126,410593665764
United Arab Emirates,2020,9448529.0,98881.0,10564.0,654,5.8247705,374898977910
United Arab Emirates,2021,9789055.0,90831.0,12320.0,604,5.304943,391967383829
United Arab Emirates,2022,10242085.0,95204.0,12082.0,610,4.565364,421421867518
United Kingdom,2000,59057333.0,684572.0,616829.0,4460,7.145591,2314307169243
United Kingdom,2001,59288095.0,675043.0,610331.0,4339,7.432769,2369642769659
United Kingdom,2002,59540764.0,676877.0,614959.0,4192,7.859468,2410140612988
United Kingdom,2003,59820385.0,701719.0,619824.0,4434,8.052146,2487711377293
United Kingdom,2004,60169964.0,721166.0,591818.0,4277,8.32219,2545576004983
United Kingdom,2005,60596107.0,729201.0,590615.0,4302,8.3810835,2616614241852
United Kingdom,2006,61051093.0,754428.0,580228.0,4448,8.539708,2673913418491
United Kingdom,2007,61535859.0,778605.0,581587.0,4457,8.760353,2752283449984
United Kingdom,2008,62027303.0,799621.0,586510.0,4420,9.032957,2750923500693
United Kingdom,2009,62506222.0,797810.0,566114.0,4289,9.83944,2624727410659
United Kingdom,2010,63006482.0,812048.0,567677.0,4141,9.787995,2684060544650
United Kingdom,2011,63509285.0,814718.0,557071.0,4098,9.796826,2706913649065
United Kingdom,2012,63960488.0,817336.0,573444.0,3897,9.893322,2748282336997
United Kingdom,2013,64389386.0,785366.0,580798.0,3593,9.990871,2795510733841
United Kingdom,2014,64865914.0,779584.0,574470.0,3517,9.976862,2883853723651
United Kingdom,2015,65382107.0,779219.0,605880.0,3532,9.940449,2945579890258
United Kingdom,2016,65893359.0,776038.0,599383.0,3493,9.870857,3010574705731
United Kingdom,2017,66354473.0,757154.0,608563.0,3389,9.704689,3101591068534
United Kingdom,2018,66752473.0,733085.0,617715.0,3218,9.794966,3149707010747
United Kingdom,2019,67110958.0,714388.0,605256.0,3218,9.979541,3189276748351
United Kingdom,2020,67351860.0,687269.0,691536.0,2917,12.103881,2868821517197
United Kingdom,2021,67668788.0,693027.0,662083.0,3122,12.083473,3113908148054
United Kingdom,2022,68179315.0,688630.0,648523.0,3140,11.096798,3274265196937
United States,2000,281484126.0,3956650.0,2423914.0,33289,12.490021,13717679619695
United States,2001,284279634.0,3930346.0,2432923.0,32249,13.168171,13848757307490
United States,2002,287084335.0,3924849.0,2461854.0,32416,13.995353,14084248131472
United States,2003,289908091.0,3983291.0,2466663.0,32787,14.505575,14477988212190
United States,2004,292786248.0,4014648.0,2419815.0,32601,14.551231,15035068144287
United States,2005,295716666.0,4055468.0,2472159.0,33281,14.579462,15558822251170
United States,2006,298730208.0,4179497.0,2452681.0,33772,14.708788,15992063823764
United States,2007,301844223.0,4232701.0,2450591.0,34418,14.918325,16312522122670
United States,2008,304970325.0,4184010.0,2502103.0,33140,15.207236,16331051067547
United States,2009,308023452.0,4089073.0,2468889.0,31345,16.200676,15910281498142
United States,2010,311062785.0,3978953.0,2502227.0,29150,16.197224,16339094225608
United States,2011,314105075.0,3942528.0,2553168.0,28187,16.140005,16594704135237
United States,2012,317115349.0,3942569.0,2567419.0,27887,16.119755,16974575729644
United States,2013,320110752.0,3930896.0,2611127.0,27382,15.9522705,17334068402849
United States,2014,323115377.0,3984348.0,2631369.0,27035,16.141584,17771549056393
United States,2015,326126496.0,3982193.0,2707668.0,27358,16.401554,18295019000000
United States,2016,329179423.0,3952809.0,2732734.0,27141,16.69204,18627887993795
United States,2017,332204657.0,3872480.0,2795952.0,26085,16.638275,19085691123385
United States,2018,335056492.0,3816077.0,2818624.0,25144,16.513126,19651869117636
United States,2019,337790069.0,3772693.0,2842471.0,24611,16.54486,20159639089819
United States,2020,339436156.0,3641990.0,3384292.0,22849,18.515974,19740041204593
United States,2021,340161438.0,3681202.0,3492879.0,24182,17.352077,20954452976799
United States,2022,341534041.0,3750379.0,3187300.0,23713,16.528751,21483388181185
Uruguay,2000,3266212.0,52104.0,31044.0,867,9.171824,36242902749
Uruguay,2001,3274257.0,51388.0,30660.0,833,9.75702,34849678466
Uruguay,2002,3278868.0,51296.0,31229.0,869,9.64023,32155098813
Uruguay,2003,3281188.0,50121.0,31490.0,835,9.5766735,32414038652
Uruguay,2004,3283157.0,49503.0,31436.0,800,8.266182,34036089123
Uruguay,2005,3285776.0,49602.0,30674.0,682,7.723905,36575226344
Uruguay,2006,3289508.0,48781.0,30997.0,637,7.709989,38074290288
Uruguay,2007,3295155.0,48151.0,30727.0,592,7.4616723,40564924117
Uruguay,2008,3302184.0,47714.0,30873.0,562,8.090817,43475921755
Uruguay,2009,3310093.0,47428.0,30484.0,494,7.916114,45320819970
Uruguay,2010,3318581.0,47277.0,31046.0,472,7.877573,48857389210
Uruguay,2011,3326829.0,46748.0,31812.0,478,7.9152136,51379472633
Uruguay,2012,3335406.0,47390.0,31868.0,503,8.033308,53197370201
Uruguay,2013,3345335.0,47959.0,31637.0,484,8.084484,55664418793
Uruguay,2014,3356343.0,47778.0,31535.0,453,8.038908,57467273107
Uruguay,2015,3368022.0,48169.0,31977.0,434,8.257037,57680327998
Uruguay,2016,3379279.0,46383.0,32377.0,399,8.638525,58655009160
Uruguay,2017,3388444.0,43058.0,32150.0,330,8.717022,59675827150
Uruguay,2018,3394538.0,39673.0,32347.0,326,8.900111,59774159551
Uruguay,2019,3397206.0,37009.0,33137.0,307,9.240695,60329073575
Uruguay,2020,3398966.0,35383.0,31336.0,242,9.0877495,55890466315
Uruguay,2021,3396693.0,34209.0,39836.0,249,8.919555,59156857887
Uruguay,2022,3390913.0,33767.0,36731.0,262,8.89016,61881758828
Uzbekistan,2000,24787052.0,538800.0,173654.0,33551,5.1329336,34627812465
Uzbekistan,2001,25090289.0,529342.0,172838.0,31224,5.2373743,36069658565
Uzbekistan,2002,25399987.0,530875.0,171661.0,29397,5.1416492,37502882190
Uzbekistan,2003,25711261.0,526166.0,171048.0,27468,5.1882515,39090239450
Uzbekistan,2004,26029350.0,536325.0,172327.0,25990,4.8406377,42002071623
Uzbekistan,2005,26356977.0,537796.0,174330.0,24340,4.781991,44921218624
Uzbekistan,2006,26699046.0,558517.0,175265.0,23210,4.7514133,48268486608
Uzbekistan,2007,27076013.0,601991.0,175103.0,22773,4.54268,52840962905
Uzbekistan,2008,27494780.0,636649.0,174980.0,22160,4.7044744,57612058529
Uzbekistan,2009,27939333.0,646638.0,174800.0,20897,4.7964964,62250366950
Uzbekistan,2010,28385509.0,637218.0,175950.0,19147,5.2993884,66979631884
Uzbekistan,2011,28823194.0,632051.0,177198.0,17524,5.262455,72423694043
Uzbekistan,2012,29261908.0,642549.0,179223.0,16313,5.548221,77751775857
Uzbekistan,2013,29724065.0,683338.0,181572.0,15756,5.718966,83911096542
Uzbekistan,2014,30222994.0,720690.0,183839.0,15261,4.430924,90383779619
Uzbekistan,2015,30749349.0,737436.0,184662.0,14541,4.7359657,97564568986
Uzbekistan,2016,31284565.0,735600.0,186559.0,13638,4.715045,104112205483
Uzbekistan,2017,31819172.0,738081.0,189718.0,12871,4.3088856,109005764429
Uzbekistan,2018,32373489.0,777185.0,192064.0,12633,4.5526156,115244909717
Uzbekistan,2019,32964700.0,814964.0,196816.0,12465,4.83521,123073854828
Uzbekistan,2020,33586373.0,860945.0,217204.0,12564,6.0859776,125069648539
Uzbekistan,2021,34243696.0,905756.0,216427.0,12601,6.927426,135330969248
Uzbekistan,2022,34938953.0,926734.0,211323.0,12250,6.6170382,143567108315
Vanuatu,2000,186290.0,6019.0,991.0,173,3.3068326,595625293
Vanuatu,2001,191047.0,6166.0,1022.0,175,3.3872833,575388433
Vanuatu,2002,195871.0,6230.0,1050.0,174,3.9043775,545477908
Vanuatu,2003,200760.0,6334.0,1075.0,174,3.5069194,568869829
Vanuatu,2004,205720.0,6461.0,1112.0,176,3.5399153,591552903
Vanuatu,2005,210772.0,6583.0,1126.0,175,3.304904,622936716
Vanuatu,2006,215939.0,6774.0,1168.0,177,3.3222933,675641507
Vanuatu,2007,221291.0,7048.0,1206.0,179,3.107868,695072229
Vanuatu,2008,226908.0,7373.0,1230.0,182,3.1388338,734003168
Vanuatu,2009,232740.0,7628.0,1265.0,183,3.2518141,756297072
Vanuatu,2010,238256.0,7850.0,1300.0,183,3.5263708,765817848
Vanuatu,2011,243483.0,8057.0,1342.0,182,3.597707,789863019
Vanuatu,2012,248894.0,8256.0,1376.0,182,3.9363146,797841012
Vanuatu,2013,254495.0,8458.0,1423.0,182,4.3924007,801538131
Vanuatu,2014,260247.0,8610.0,1468.0,186,3.6401885,826426927
Vanuatu,2015,266115.0,8725.0,1504.0,185,4.158313,855360239
Vanuatu,2016,272097.0,8844.0,1527.0,181,2.9890406,886322640
Vanuatu,2017,278518.0,8935.0,1566.0,181,2.8811805,923754899
Vanuatu,2018,285273.0,8965.0,1581.0,179,3.44049,946990363
Vanuatu,2019,291995.0,8969.0,1604.0,174,3.4961543,978021084
Vanuatu,2020,298867.0,8948.0,1715.0,172,4.1212897,922026415
Vanuatu,2021,305882.0,8972.0,1776.0,165,4.588281,911300252
Vanuatu,2022,313061.0,8976.0,1619.0,162,4.058953,962259773
Venezuela,2018,29807591.0,516556.0,199263.0,9919,2.4169133,70327507457
Venezuela,2019,28938096.0,471676.0,196851.0,9056,2.1856372,50903719683
Venezuela,2020,28444080.0,442091.0,204848.0,8494,4.1161513,35721908550
Venezuela,2021,28237830.0,429761.0,222007.0,8225,4.102219,35945170478
Venezuela,2022,28213015.0,423888.0,207267.0,8069,4.55046,38847575548
Vietnam,2000,77154016.0,1390170.0,423240.0,42533,4.1075273,93525828108
Vietnam,2001,77969357.0,1413038.0,427394.0,40916,4.801075,99317782863
Vietnam,2002,78772227.0,1425422.0,433986.0,39407,3.8707585,105595482130
Vietnam,2003,79563778.0,1444171.0,442653.0,38351,3.942299,112880581486
Vietnam,2004,80338977.0,1445763.0,460364.0,37466,4.0879197,121387725604
Vietnam,2005,81088309.0,1408413.0,466347.0,35952,4.3182125,130549157968
Vietnam,2006,82167901.0,1417335.0,474296.0,35326,4.5697985,139658819217
Vietnam,2007,83633374.0,1466698.0,484949.0,35531,4.629176,149615800998
Vietnam,2008,85175789.0,1504570.0,496397.0,35832,4.3602834,158086705343
Vietnam,2009,86460023.0,1515454.0,507731.0,35754,4.485029,166620063722
Vietnam,2010,87455148.0,1522480.0,516929.0,35407,5.0714607,177322478338
Vietnam,2011,88468315.0,1555971.0,526143.0,35538,4.974685,188694468366
Vietnam,2012,89510355.0,1601508.0,537797.0,35938,5.0017824,199081239731
Vietnam,2013,90573103.0,1620204.0,548595.0,36062,4.4123316,210137237901
Vietnam,2014,91679582.0,1711735.0,560519.0,37140,4.690788,223632762207
Vietnam,2015,92823254.0,1717064.0,571140.0,37228,4.711409,239258328381
Vietnam,2016,94000115.0,1627396.0,582354.0,35853,4.8699474,255264731908
Vietnam,2017,95176978.0,1595530.0,593746.0,35291,4.9901476,272980590259
Vietnam,2018,96237319.0,1485701.0,602702.0,33186,5.026788,293358610036
Vietnam,2019,97173778.0,1507477.0,612164.0,32557,4.974075,314947640805
Vietnam,2020,98079196.0,1494146.0,570111.0,31779,4.332198,323972192107
Vietnam,2021,98935101.0,1457843.0,658187.0,30614,4.5379243,332245562394
Vietnam,2022,99680656.0,1422615.0,646764.0,29542,4.538096,360611028653
World,2000,6171702992.0,135758480.0,52240370.0,10180099,5.440952,48550490166230
World,2001,6254936464.0,135380000.0,52431244.0,9867352,5.710701,49536038159389
World,2002,6337730343.0,135396480.0,52757536.0,9547369,5.694608,50684736953402
World,2003,6420361633.0,135700800.0,53077070.0,9200461,5.7322364,52242868476707
World,2004,6503377774.0,136596320.0,53187800.0,8935874,5.8406563,54591383204955
World,2005,6586970132.0,137166460.0,53390436.0,8604697,5.9045296,56807330097271
World,2006,6671452019.0,138469300.0,53281776.0,8293881,6.2483606,59357487895115
World,2007,6757308776.0,139935790.0,53410050.0,8024188,5.9012628,61987756942770
World,2008,6844457659.0,141758720.0,53987020.0,7821353,6.064593,63284295644439
World,2009,6932766416.0,142968320.0,54122624.0,7624571,6.4407034,62440691845650
World,2010,7021732143.0,143354240.0,54268588.0,7350838,6.251047,65263543198396
World,2011,7110923773.0,143878780.0,54581440.0,7213025,6.207803,67426584814614
World,2012,7201202478.0,146054880.0,54794788.0,6899499,6.169136,69279085457391
World,2013,7291793585.0,145014780.0,55092620.0,6659059,6.250813,71281076205614
World,2014,7381616239.0,145268260.0,55545320.0,6485996,6.313419,73539611353222
World,2015,7470491876.0,144333950.0,56305970.0,6297864,6.431397,75839351828606
World,2016,7558554527.0,144854100.0,56756910.0,6105446,6.4867334,77955073125299
World,2017,7645617952.0,143601810.0,57572256.0,5920171,6.486957,80641861942532
World,2018,7729902779.0,140332740.0,57792804.0,5649249,6.365349,83292262266946
World,2019,7811293699.0,138596780.0,58354932.0,5466807,6.5054693,85524752058521
World,2020,7887001289.0,134719620.0,63546316.0,5240419,7.1308312,83056326526016
World,2021,7954448387.0,133448840.0,69728100.0,5106789,7.180353,88442603118342
World,2022,8021407196.0,132475390.0,62278628.0,5054944,6.8739033,91485038370116
Yemen,2000,19624139.0,801831.0,155131.0,72630,4.6660657,41498634363
Yemen,2001,20226146.0,812359.0,153651.0,70278,4.945148,43077095456
Yemen,2002,20835092.0,824642.0,152125.0,67861,4.83238,44772278888
Yemen,2003,21456379.0,844736.0,150270.0,65665,5.757583,46450074454
Yemen,2004,22095161.0,859750.0,149254.0,63500,5.5144043,48295394891
Yemen,2005,22790082.0,874900.0,148203.0,61385,5.2058525,50995951705
Yemen,2006,23543090.0,898205.0,148128.0,59670,5.5293016,52612732131
Yemen,2007,24318090.0,912630.0,147865.0,57871,5.820776,54369170289
Yemen,2008,25111941.0,927082.0,147961.0,56087,5.761916,56352323545
Yemen,2009,25927723.0,947938.0,149032.0,54666,5.9862,58531033711
Yemen,2010,26754383.0,952693.0,149460.0,52983,5.159329,63038676060
Yemen,2011,27582902.0,957334.0,150999.0,51454,4.769532,55023373390
Yemen,2012,28433655.0,999885.0,154258.0,51508,5.1959352,56340077330
Yemen,2013,29312955.0,1040104.0,155172.0,51330,4.9608316,59057651713
Yemen,2014,30226311.0,1080215.0,159890.0,51949,5.837747,58946215687
Yemen,2015,31159378.0,1119805.0,179869.0,54380,6.490173,42444490073
Yemen,2016,32109023.0,1157021.0,181303.0,54577,7.7124944,38465266584
Yemen,2017,33090923.0,1193475.0,186783.0,54891,8.147239,36514386855
Yemen,2018,34085181.0,1228646.0,208419.0,56907,9.089482,36789138480
Zambia,2000,10017633.0,455450.0,162271.0,67181,4.1202908,8059030210
Zambia,2001,10325186.0,462304.0,159613.0,64731,4.7785363,8487518230
Zambia,2002,10647955.0,472047.0,156005.0,61862,5.888452,8869967014
Zambia,2003,10983604.0,482672.0,151484.0,58833,5.995536,9485983915
Zambia,2004,11338201.0,497982.0,148634.0,56148,5.465875,10153075785
Zambia,2005,11718819.0,513724.0,144969.0,53538,6.330887,10887711636
Zambia,2006,12129560.0,529835.0,141948.0,51560,5.577423,11748243095
Zambia,2007,12565093.0,542530.0,138813.0,49552,4.559941,12729507610
Zambia,2008,13021327.0,555123.0,135566.0,47926,4.4937077,13719086269
Zambia,2009,13490395.0,567055.0,132596.0,46561,5.225685,14984033821
Zambia,2010,13965592.0,578071.0,129745.0,45349,4.1342688,16527123087
Zambia,2011,14437796.0,587057.0,127306.0,44399,3.9591336,17447560252
Zambia,2012,14913631.0,594512.0,125114.0,43512,4.0454173,18773117888
Zambia,2013,15399000.0,600296.0,123460.0,42606,4.5739045,19722575262
Zambia,2014,15895320.0,605841.0,122170.0,41663,3.8292422,20648211567
Zambia,2015,16399092.0,612410.0,121382.0,41135,4.429743,21251216798
Zambia,2016,16914428.0,619352.0,121829.0,40450,4.4692316,22049221308
Zambia,2017,17441328.0,626801.0,122172.0,39877,4.7815623,22826646593
Zambia,2018,17973574.0,637415.0,121766.0,39478,4.769967,23747586257
Zambia,2019,18513839.0,648090.0,120010.0,38922,6.7533026,24089861649
Zambia,2020,19059394.0,655797.0,119312.0,38321,6.306744,23418945736
Zambia,2021,19603610.0,665154.0,129520.0,37730,6.639514,24879098747
Zambia,2022,20152935.0,675973.0,112513.0,36581,5.2104297,26175604214
Zimbabwe,2010,13356551.0,505804.0,170234.0,40389,10.475753,14107304144
Zimbabwe,2011,13595421.0,518550.0,158990.0,39027,8.081707,16109682999
Zimbabwe,2012,13817887.0,522389.0,151253.0,37133,6.9183874,18794430788
Zimbabwe,2013,14013811.0,518165.0,143406.0,34980,7.110222,19168343271
Zimbabwe,2014,14207367.0,503038.0,136688.0,32501,8.1335125,19623972034
Zimbabwe,2015,14399008.0,488386.0,132188.0,30095,7.4520407,19973250000
Zimbabwe,2016,14600297.0,477484.0,128714.0,28013,7.2584558,20124206636
Zimbabwe,2017,14812484.0,471228.0,127191.0,26491,6.174489,21076969325
Zimbabwe,2018,15034457.0,470991.0,125092.0,25211,4.67328,22132908952
Zimbabwe,2019,15271377.0,475267.0,126468.0,24647,3.2326815,20731353612
Zimbabwe,2020,15526887.0,481152.0,126365.0,23828,2.954401,19110793941
Zimbabwe,2021,15797220.0,488642.0,138738.0,23391,2.6711187,20729099176
Zimbabwe,2022,16069061.0,496240.0,124995.0,23249,3.395195,22001713149
